ID_Employe,Age,Experience,Salaire,Satisfaction,Departement,Taux_Absentéisme,Performance,Taux_Turnover
1,20,5,60381.54,2.8485456231509367,RH,0.17835401556346253,Faible,0.07048052609746355
2,23,5,51290.88,2.027764740683234,Ventes,0.0975601343911507,Elevée,0.07888086064213476
3,23,2,63153.08,3.7458790397375505,Ventes,0.021775968813376935,Elevée,0.12879972276774349
4,59,24,37153.07,1.977330300116635,Marketing,0.15816824831053666,Moyenne,0.227099460570624
5,29,17,47172.69,1.6134977903891246,R&D,0.07404390636492102,Faible,0.16091097822354505
6,39,27,56465.51,2.320624591763162,Ventes,0.05023972696474044,Faible,0.2552549426059065
7,41,3,61128.28,2.1715317204503544,IT,0.10805208178674082,Moyenne,0.001065802498992674
8,56,18,43480.03,3.9214790548293013,IT,0.021020393615517864,Moyenne,0.282040854910925
9,43,21,43058.51,4.064018969382924,IT,0.010611471554228724,Moyenne,0.05115540342744022
10,26,39,32319.2,1.4233272905301058,Ventes,0.12362634460967777,Faible,0.1196272625956975
11,44,1,71135.52,4.071520618049275,Ventes,0.007690902190907134,Moyenne,0.2510409258345642
12,44,7,31397.32,2.0262735827549663,Ventes,0.12066111062194357,Moyenne,0.1935999816195985
13,32,23,48031.74,1.9062248358954679,Ventes,0.051823885033274224,Elevée,0.03501887842896186
14,21,5,38995.32,3.8230094549821363,IT,0.19309879466943256,Moyenne,0.27413394434027255
15,58,11,55088.38,4.495009236733085,Marketing,0.10299518396985413,Faible,0.25536594676242674
16,59,35,79032.45,3.4289661971413965,Marketing,0.15477446299855022,Faible,0.12593415750800058
17,43,39,51049.27,4.756522020265839,Ventes,0.08805656241466696,Faible,0.1096495901875925
18,44,22,59281.41,3.661705723882434,IT,0.18812337752810226,Moyenne,0.21985965931748577
19,37,35,59558.55,4.418581869070716,Marketing,0.004118095714404135,Faible,0.17024794645559674
20,57,33,32849.94,3.0824887605918745,IT,0.18041366935992653,Faible,0.005260191879610188
21,45,36,66056.88,4.542882486018359,Ventes,0.020175253033093712,Moyenne,0.01192998640906251
22,33,28,68821.05,1.4605917920206881,Ventes,0.005095200717887605,Moyenne,0.23969616166169433
23,28,11,66688.13,2.5456041633043363,RH,0.16741587399948812,Elevée,0.12262447093690775
24,29,5,37337.14,2.1576418745139536,Ventes,0.1024440907985029,Elevée,0.03933905848851355
25,40,18,52694.01,1.5969433883016428,IT,0.0008863427265730639,Faible,0.2679012748205153
26,36,4,49857.98,1.5976556791436072,Ventes,0.019634430691289076,Faible,0.21749256450909996
27,25,38,49287.98,2.771457179052722,R&D,0.026758067012644583,Moyenne,0.11215538392202627
28,35,31,33414.64,2.769742133995449,RH,0.07591033686869911,Faible,0.04044782851014591
29,20,5,69515.24,4.642846985307463,Ventes,0.18543416960221956,Elevée,0.015077948760015968
30,38,30,30246.46,4.764361169098866,Ventes,0.07888692245285994,Moyenne,0.1921092339810945
31,55,39,38163.18,1.0763063862407845,RH,0.12674095935142818,Elevée,0.18774802973650068
32,44,31,64841.37,2.0365388993724927,R&D,0.19713651154641468,Faible,0.22252397968508747
33,49,12,41371.57,1.033784556731144,RH,0.06349598690745506,Elevée,0.1943362308644149
34,39,3,72350.87,4.525650501126945,IT,0.13848009623266397,Faible,0.1348634869358345
35,39,30,60081.28,3.1284407918825323,IT,0.1741093695230404,Faible,0.0345688611708137
36,34,8,67663.03,1.6445382421385628,R&D,0.04617938645545967,Elevée,0.11135144611830416
37,59,10,41290.44,4.321892407965627,Ventes,0.02155788132159824,Moyenne,0.18254071176428605
38,52,24,67569.05,1.2869653050178789,RH,0.10170391357639255,Moyenne,0.15751247587727027
39,21,1,71802.66,4.414499297697525,Marketing,0.1881351582757661,Moyenne,0.08764154147567291
40,29,18,57100.87,1.0646352646118484,R&D,0.1740423320540002,Moyenne,0.07072733943029785
41,52,22,31370.04,2.8195614138630867,RH,0.04342716787672083,Moyenne,0.09145162090277818
42,51,31,46498.64,2.4158672942646193,RH,0.18901290001532672,Elevée,0.019668132833933306
43,30,27,59557.12,3.595994653051388,R&D,0.08022993443570746,Moyenne,0.20590813501829483
44,43,16,76904.67,3.2008640699030115,Marketing,0.1710124947771225,Moyenne,0.10556300469833148
45,55,18,40875.21,2.4152249231190512,IT,0.021360141062298933,Elevée,0.09113258561305272
46,31,11,32185.78,4.944234599494891,IT,0.08251360819200984,Elevée,0.1610724521243313
47,48,18,59799.29,2.71737518205145,Ventes,0.10866334562956488,Moyenne,0.1851478412014025
48,54,4,57050.45,2.9387838405222273,Ventes,0.12003329463696247,Faible,0.002965446299014118
49,20,5,50324.67,3.515241836265172,IT,0.17884838450608742,Moyenne,0.2091143213478948
50,20,5,77678.16,1.3966426077344067,Marketing,0.0641377630172975,Moyenne,0.20852268816655076
51,56,4,34214.41,4.525681855585367,R&D,0.026544229107234973,Elevée,0.1323004038407314
52,25,8,77555.11,3.264010479727408,RH,0.09454685498575269,Elevée,0.17423124409711163
53,58,17,31749.47,3.7027568505318813,Ventes,0.01801348928467217,Faible,0.1511653884184627
54,37,35,56947.22,4.690558606244707,IT,0.16868061965110673,Faible,0.004459870318671366
55,35,5,77281.8,3.56936402290423,RH,0.10566939865403313,Elevée,0.034787967548632455
56,24,5,53087.7,1.2869380588618364,R&D,0.04579549895268671,Faible,0.18361410398936687
57,51,37,35512.38,1.3343141467631061,R&D,0.026134515045237894,Faible,0.08428049761742337
58,21,5,78434.4,3.2729250651909587,Ventes,0.1182163330067365,Moyenne,0.006712445859900873
59,21,5,52579.46,1.4666608661629827,Ventes,0.15033501053089343,Elevée,0.26683826752848583
60,59,18,70780.55,1.171537927935265,Marketing,0.07741342945910312,Faible,0.27479016833354036
61,55,38,64078.91,2.5346479493183343,R&D,0.15612280539965867,Moyenne,0.17321061813875982
62,58,28,50289.44,4.912449686647069,IT,0.13485742426963981,Moyenne,0.13855644889671018
63,31,15,79120.41,3.198840995489023,R&D,0.009949128538494834,Elevée,0.04214044339987061
64,38,23,62857.06,4.5392475744717675,R&D,0.14393072835644488,Elevée,0.27913097167018575
65,47,32,67873.54,2.8114223185413407,Marketing,0.11495039982757843,Elevée,0.20783940560135247
66,20,5,31083.45,4.722621828229617,R&D,0.18365719300455363,Faible,0.11346976618034602
67,34,30,60458.61,1.1196581787021627,IT,0.018711280879550984,Faible,0.07670669494496855
68,55,29,77259.5,3.8778004441429,Marketing,0.03503375180840251,Elevée,0.11246927115599319
69,32,32,42100.66,4.821431553614557,R&D,0.13286231183083497,Moyenne,0.27791451476396295
70,40,35,42514.89,2.8782669284374047,Ventes,0.1706701918328326,Moyenne,0.06495838976069618
71,31,18,72509.76,2.0154201880697267,RH,0.04168649066394732,Elevée,0.06746122209317446
72,24,5,77266.0,3.6060168893452382,R&D,0.18967468069610452,Faible,0.125626723719315
73,26,17,48564.74,2.5278963314786793,IT,0.17747943106844138,Elevée,0.11316170395127044
74,24,5,63787.76,2.3541690801940214,IT,0.01977435459068253,Elevée,0.13314024852637044
75,23,5,75782.35,2.4295514707021413,Ventes,0.18904359670545354,Faible,0.18096145579519698
76,32,13,34756.17,2.6466776853680716,R&D,0.04827290164920202,Moyenne,0.2680815149639808
77,56,33,54247.1,2.803580796695594,R&D,0.12529133656887267,Moyenne,0.2816157314387173
78,34,21,69039.43,1.6668186681450932,R&D,0.13900044006648532,Moyenne,0.2821456970091069
79,35,12,62424.84,3.7050950340581106,IT,0.06609367469088523,Elevée,0.00166331637768089
80,40,30,36325.6,4.360792362244915,Marketing,0.01239095355641724,Elevée,0.25689827595370973
81,55,1,73001.33,3.937168312531559,Marketing,0.13550745517294183,Moyenne,0.17456759183132461
82,43,21,60903.66,2.6783410760245134,Ventes,0.0243720180369567,Elevée,0.12035873311006684
83,35,29,77533.01,1.6645454999049445,IT,0.006177284236171254,Moyenne,0.19248910237576514
84,33,14,60090.13,3.8472768499814896,RH,0.14940284781578111,Moyenne,0.17083451868493535
85,41,38,70729.26,1.210636853165064,Ventes,0.022164705101014405,Elevée,0.0614558160127008
86,25,5,79369.17,3.00778549292769,Marketing,0.1622333729063019,Moyenne,0.025414902336242082
87,55,13,69372.58,4.799184138370466,RH,0.19781576961643793,Faible,0.05767080219185019
88,20,5,54569.0,2.405982224760069,Ventes,0.08073660898227504,Moyenne,0.06823854708294884
89,51,5,59423.63,3.9346959408775155,Ventes,0.12920449327254857,Faible,0.17700793799403072
90,25,37,58662.34,4.738826321961888,IT,0.18598803032063183,Faible,0.08478704397686872
91,50,17,32472.83,1.464683016943685,R&D,0.18337927712128904,Moyenne,0.15786792088374216
92,20,5,49264.58,3.4366032681899807,Marketing,0.0625701546097653,Moyenne,0.13542472402468897
93,56,38,51113.81,3.2525954828541512,Marketing,0.005431876749336095,Elevée,0.16185373433702702
94,54,31,36481.58,2.9743312385186145,R&D,0.057549385079084095,Faible,0.05579688915111789
95,49,36,32065.32,3.044215598444984,RH,0.0371755432270962,Elevée,0.2566129879392801
96,23,1,30237.38,2.5951504384876607,RH,0.07116986135889838,Moyenne,0.22076115240540897
97,54,10,47840.25,1.5427713930399904,RH,0.056819178581156086,Faible,0.02315002310773254
98,33,34,42126.6,1.8404833138989396,R&D,0.1686091632256419,Moyenne,0.2671196583167738
99,59,13,57769.27,1.2254861465110443,IT,0.10489255737841584,Elevée,0.10365981318514296
100,41,7,76196.73,4.324417047076336,IT,0.025878857288645852,Elevée,0.29106440357616054
101,29,37,31952.36,1.0608212457012054,Ventes,0.07715404102109068,Elevée,0.22968687930177722
102,20,5,51763.31,1.9087423215622379,Marketing,0.13318962405138393,Moyenne,0.16423607705057833
103,30,39,63382.29,4.369840847712654,R&D,0.17659692003025712,Moyenne,0.2476788179101093
104,43,37,34210.37,4.66409347853388,IT,0.09223714263642376,Elevée,0.2700998654393572
105,22,5,60598.49,2.2939123139692064,Marketing,0.18362931790608863,Faible,0.0650025801123528
106,54,20,48454.95,3.731021404443346,RH,0.15926515679665754,Faible,0.15590316518900746
107,55,39,68263.52,1.1059730480501804,R&D,0.015172817807823515,Moyenne,0.14762371559013734
108,50,36,42380.75,4.7546855609888246,Marketing,0.16257133512991298,Elevée,0.23903938546890013
109,23,5,36174.76,1.8470255914081348,IT,0.01830210645820467,Faible,0.2871672505062926
110,38,30,35352.13,1.6003653638350497,RH,0.18304324114892517,Moyenne,0.15071419934717067
111,55,18,54738.24,1.3669445835395204,Ventes,0.14356722015519344,Faible,0.16814145894892554
112,40,4,58103.27,3.675523494424216,Ventes,0.0465981630367059,Faible,0.12696541394327918
113,37,30,40939.17,2.3289492626512533,Ventes,0.03380227122417068,Moyenne,0.1494549994645732
114,47,28,57539.96,3.107574693512989,IT,0.09192783316632731,Faible,0.16003123404753905
115,34,4,65892.63,4.930973130112939,R&D,0.1299379794212642,Moyenne,0.227439457512469
116,21,5,42490.15,1.5003350669981046,Marketing,0.040717114067303384,Faible,0.2953083439388649
117,56,28,30508.25,3.2770649641591754,IT,0.19142216564249145,Faible,0.24771117351034883
118,30,37,71553.33,2.165524814614425,Marketing,0.02977462891056093,Moyenne,0.2853465306018785
119,42,22,72183.91,3.2424815799680666,IT,0.17200406875130622,Elevée,0.04398424596567757
120,31,11,48884.03,4.478868830265865,RH,0.05229997683173822,Elevée,0.04998074501736942
121,22,5,76912.19,3.693597542954131,IT,0.00911407866912548,Elevée,0.11905646862581676
122,36,30,71339.83,4.763882802303243,Ventes,0.1207725890317703,Moyenne,0.1270699262593004
123,52,25,45868.69,3.973249195191136,R&D,0.0870822364471686,Moyenne,0.287965440449426
124,20,5,59909.63,3.0411480703698515,Marketing,0.06089187058459225,Faible,0.2291077074226243
125,58,1,50206.08,1.554908098971763,RH,0.06405178120201203,Faible,0.28554037065862653
126,39,37,35843.36,1.4150413916741957,Ventes,0.13572606265378337,Elevée,0.1027286421942126
127,33,35,50624.07,2.2784601821002424,RH,0.09430693695228959,Moyenne,0.17714265372572863
128,50,14,72182.92,2.4227422354503365,Marketing,0.09924073062595257,Faible,0.26480673253567105
129,44,2,56155.44,4.282900560272492,IT,0.010414833436079185,Elevée,0.09958334823253279
130,22,3,60420.08,3.0143909821689685,R&D,0.1399211751969114,Moyenne,0.05208259692727828
131,23,3,47993.7,3.083297088421151,Ventes,0.10303839731511491,Moyenne,0.07878368477343599
132,50,20,38790.15,4.988718434633668,R&D,0.15909765628575,Elevée,0.07957615280710394
133,54,13,58501.95,3.5358235673043357,Marketing,0.10862442466669352,Faible,0.2698989298653676
134,33,31,57588.89,3.332567626343527,RH,0.051761431395880145,Elevée,0.23454296816226294
135,28,22,77806.48,4.3130677482990345,R&D,0.02524206523030588,Faible,0.16472574827173206
136,39,14,30467.93,1.6082102584351743,RH,0.10237576576043712,Faible,0.1639247555239287
137,51,27,74907.74,4.4433191766286235,R&D,0.1908686956777274,Moyenne,0.0485106465663621
138,28,13,76292.35,2.062834159492473,Marketing,0.0363672446519739,Moyenne,0.09932988003283928
139,46,1,42031.19,2.16677957249,RH,0.11973621015507428,Moyenne,0.06243374569297827
140,22,2,32283.85,3.708603566220897,R&D,0.11524635665844572,Moyenne,0.1252995592264592
141,23,5,72442.99,1.484645827559297,R&D,0.05530146925163182,Elevée,0.17075410157797727
142,34,11,38448.8,1.7177318516099245,Marketing,0.159558363833457,Moyenne,0.050407231514259555
143,52,33,49844.21,4.880431478761869,RH,0.13941120123872658,Moyenne,0.2456447353024535
144,24,5,52659.91,3.507306747340131,R&D,0.10219566452609895,Faible,0.14260248273184495
145,23,3,46249.95,2.0158875906168294,Ventes,0.12472038716600937,Moyenne,0.0634425089965773
146,31,29,51326.38,4.59898695189999,Marketing,0.12935895203807204,Moyenne,0.18684340771015437
147,42,2,45562.34,2.3982311030692305,R&D,0.19196655578484706,Elevée,0.009850811449795138
148,33,14,56261.17,1.6188932757414305,Marketing,0.040538578869313446,Moyenne,0.13726751972080803
149,31,20,32000.85,4.921288136148661,IT,0.10987164687685902,Moyenne,0.01920045023508696
150,36,18,59548.45,1.4633973071752977,R&D,0.1685985068006779,Elevée,0.2106492796244893
151,44,37,37644.35,3.2919830280483966,Ventes,0.023894634873770682,Moyenne,0.16086686583703994
152,49,8,78820.13,4.00029844327233,IT,0.19803360333175013,Moyenne,0.18436199684223356
153,41,7,62280.43,4.725570360012922,Marketing,0.1519225555084372,Elevée,0.025031162235260408
154,45,10,30395.98,1.4401240001922124,RH,0.049705995400924,Elevée,0.06774302626507957
155,36,16,31953.46,3.111220915501744,RH,0.1949549252015579,Moyenne,0.12535442516647477
156,39,19,43486.56,1.5300693275443615,Marketing,0.04569925526377894,Moyenne,0.25034954678664245
157,53,30,68196.82,4.0881893980774215,RH,0.17259411013313214,Elevée,0.15727003708258655
158,52,19,34613.22,1.8171695740367477,RH,0.04931153788000078,Elevée,0.12792387320289558
159,56,3,63103.37,1.9068210508531394,Ventes,0.163700899084965,Elevée,0.10075101322144688
160,26,30,57578.78,4.993776177749043,IT,0.06534247564554556,Faible,0.0694833661250101
161,41,18,51826.62,4.380761742590785,R&D,0.19923974970742056,Moyenne,0.014100032244431036
162,51,36,38866.86,3.602151909744496,IT,0.16299240233108803,Elevée,0.07166264137026261
163,33,20,31635.97,3.5620712675076778,Marketing,0.05093268846176842,Faible,0.08595589973749813
164,27,17,55618.49,3.392264409713674,Ventes,0.15223190008873067,Moyenne,0.23638209749163702
165,44,24,55730.47,4.808423055241856,Marketing,0.11474568442168703,Moyenne,0.24013680959287986
166,35,13,30745.0,4.43499964257486,IT,0.04649405830423314,Elevée,0.11307902809311522
167,38,36,62128.78,3.442887787050156,Ventes,0.023175889554345797,Faible,0.007536330359968757
168,35,3,48068.56,1.5465158549289821,Ventes,0.08881348588641894,Elevée,0.14134232413518205
169,31,21,54065.37,2.475043388991912,IT,0.03336227299249672,Faible,0.26956902553879386
170,58,4,52954.32,4.846217242011054,R&D,0.16843223584309497,Faible,0.21886623095506066
171,49,18,64879.52,1.4861529305389278,IT,0.06438639200122134,Elevée,0.022997610355057974
172,21,5,55312.26,1.3966538056911983,Ventes,0.03169017451990779,Moyenne,0.2036997866065325
173,51,11,48502.6,1.123849737460318,Ventes,0.1442896180667108,Moyenne,0.1772210754553927
174,44,38,39824.84,3.489939497042398,R&D,0.04859441099653619,Moyenne,0.2548879671094344
175,44,28,31494.06,2.260762578201495,R&D,0.13702190268874495,Faible,0.14157749775826076
176,23,5,41309.05,4.610905546040479,Marketing,0.07988056662239632,Moyenne,0.07311809953475792
177,38,23,61090.5,4.884618977911211,Marketing,0.07781826342917862,Faible,0.25721632407127587
178,23,5,42907.04,2.0586243044844497,Ventes,0.020774901687477955,Moyenne,0.2294856820335655
179,32,36,63934.73,4.4658123704910455,Marketing,0.0002640186911265996,Elevée,0.19746384349672594
180,58,31,76879.53,2.4587183681621925,R&D,0.18926322376333385,Elevée,0.008339070308259488
181,55,8,42828.37,2.014429516260025,Marketing,0.0016938118392841206,Faible,0.1226095225145908
182,42,25,68691.64,3.3875512146867037,Marketing,0.14830666717567145,Faible,0.04179312054656581
183,25,25,62807.92,4.6506824837852285,Ventes,0.1365010818918578,Moyenne,0.13850276367298286
184,43,16,49979.27,1.5404403889355054,IT,0.08448872021745453,Moyenne,0.270994946607546
185,52,11,65316.38,2.0029673095386737,IT,0.10816665277388392,Faible,0.05377787348214656
186,31,20,43983.68,1.1481783471595737,RH,0.08641110444850526,Moyenne,0.12392856323686537
187,40,14,44968.95,2.2089122894618103,RH,0.1368391487772965,Faible,0.09951714889000081
188,30,38,50024.6,3.8488332561000016,Ventes,0.1442429535381032,Moyenne,0.00923611426870985
189,57,19,51185.06,1.4109371998612925,Ventes,0.0563260082152052,Moyenne,0.04875611402555989
190,48,8,57614.37,2.1966659758243843,IT,0.1698840621719791,Faible,0.13134660419651445
191,22,5,49169.07,3.211861298706983,Ventes,0.10395984668901764,Elevée,0.23917671697854
192,47,33,72774.19,4.164514426156535,R&D,0.168940622641607,Elevée,0.07714268823853195
193,39,37,61646.94,4.956821094677436,Ventes,0.186402408452397,Moyenne,0.18518135909729488
194,45,17,75695.45,2.704693015868269,Marketing,0.09954473871530885,Faible,0.1182964766623288
195,43,27,48313.75,3.087128262792861,Ventes,0.15240669907524684,Moyenne,0.17232101587634943
196,40,17,79233.42,4.491686154380708,IT,0.10942798077027215,Moyenne,0.13357656986813884
197,49,33,65565.47,2.874317393142746,R&D,0.08421880456254363,Elevée,0.22396201589612938
198,23,5,68412.16,1.8554427366770754,RH,0.07829972406153524,Elevée,0.10650645969586234
199,55,21,58904.03,4.557881136210847,R&D,0.11668901787339803,Moyenne,0.2870718088472667
200,59,24,73959.63,3.9174388902197776,R&D,0.07636741033710791,Elevée,0.15211864470936448
201,29,16,34896.11,2.507769766247644,Marketing,0.15901586546729393,Moyenne,0.05314118688022085
202,29,20,68991.14,2.9505002425217652,R&D,0.041465210974986455,Elevée,0.19951667748501972
203,43,35,62604.59,1.807352533644774,Ventes,0.05426333523209595,Moyenne,0.11670412359814797
204,23,5,72049.58,1.1817825694877078,IT,0.10759144806433887,Elevée,0.015604944029964173
205,46,35,73960.37,2.2931621105698325,R&D,0.060063655060033375,Faible,0.09584022433767074
206,23,5,53243.92,3.5363365800885966,R&D,0.14176221781516915,Moyenne,0.2545073846667665
207,51,24,78120.4,2.130880972572907,Ventes,0.10666737426561579,Moyenne,0.14500896740308153
208,29,28,70698.75,4.941059828460752,R&D,0.01738346260285908,Elevée,0.12201036035318227
209,30,14,73454.36,1.4052726845167776,RH,0.15140527223058314,Moyenne,0.2737400210015804
210,47,24,30643.86,3.5801855879419615,R&D,0.043908996088564314,Faible,0.18851913356719993
211,27,31,77375.72,3.1847958699853436,R&D,0.18874111410950103,Elevée,0.10494409514231538
212,59,6,42732.43,1.012805594036874,R&D,0.08747907538393583,Faible,0.16643873446375715
213,41,34,61511.84,4.361538686706691,RH,0.14787571289098142,Elevée,0.12713215929556473
214,53,35,52829.96,2.629873931558486,RH,0.15710982296784137,Elevée,0.09657643471449043
215,54,29,60589.58,3.056936716625199,RH,0.12173589456718314,Elevée,0.1816632377554555
216,54,2,59050.93,3.9014738196094068,RH,0.048123808894444654,Elevée,0.29413865314124366
217,44,5,68564.45,3.8934944828535936,R&D,0.028733604874644738,Faible,0.11536244181670924
218,53,22,57577.43,4.189045079544325,Ventes,0.14582165943381162,Moyenne,0.015493049216967612
219,25,9,57996.86,1.45736399184909,IT,0.04970866484892616,Faible,0.10783744018690695
220,56,34,59588.71,4.861533891192455,IT,0.0554975893130852,Moyenne,0.06689518686134409
221,20,5,40920.67,4.480746337699454,R&D,0.12896341774069403,Faible,0.10212480744673644
222,31,36,64174.47,4.54052782514118,Marketing,0.19713075227015117,Elevée,0.1522068504832285
223,54,26,79152.99,3.6045434147599655,IT,0.105135784549883,Elevée,0.021939986877194305
224,25,6,76305.91,2.157491027921214,RH,0.06810803975309179,Faible,0.02755190989043337
225,36,2,41748.19,3.816216627580267,Marketing,0.0068684993647168515,Moyenne,0.16865905060557324
226,28,36,78882.05,4.0929641337224965,Ventes,0.16325424826198087,Elevée,0.260713522560493
227,21,5,71507.41,1.916984746912223,Marketing,0.13504535055549396,Elevée,0.13962155598642345
228,37,2,78332.58,4.421165380030594,Ventes,0.14858737942794006,Elevée,0.055769548236125774
229,55,2,78735.15,2.9624740002361625,Marketing,0.025730518888011367,Elevée,0.27833115653570767
230,47,8,53286.58,1.9312971696725474,IT,0.12069095146757913,Faible,0.19353450078852688
231,56,26,61333.77,4.865656796783708,RH,0.026473349944536363,Elevée,0.1897563809268705
232,45,37,43314.49,4.690368855544113,Ventes,0.020528872220920393,Faible,0.23921266250337167
233,23,5,40431.98,3.8661496787477465,Ventes,0.14786042273336839,Moyenne,0.15476799397036864
234,59,28,52420.34,3.1616629729981107,Marketing,0.16033422698374256,Moyenne,0.2692683089472226
235,55,33,42531.07,2.4683827934491505,RH,0.10953876054019565,Faible,0.09072940598964026
236,50,20,72630.47,4.529085689582208,R&D,0.02814225770748904,Faible,0.2808304361246514
237,49,35,32923.19,4.093914011944065,Ventes,0.14986856929717418,Faible,0.06373282378793732
238,53,37,44457.67,4.068940600796829,RH,0.021407006066764003,Moyenne,0.04827378137011664
239,38,17,38882.59,3.027354998226737,R&D,0.11678267777662846,Faible,0.08495511292993008
240,37,4,34928.9,1.1638037849679934,Ventes,0.1467997347258085,Elevée,0.08736907633637794
241,49,9,55489.93,3.2328037849348807,RH,0.14270763734873132,Elevée,0.1417723078569383
242,40,20,72739.96,4.391767512451139,Ventes,0.1423464139000259,Elevée,0.03311964029339658
243,22,1,51785.63,3.0290204887911067,IT,0.00751206416511836,Faible,0.268024608941787
244,25,21,43265.14,3.967626889274117,RH,0.18045989417981048,Faible,0.2872086712513578
245,57,33,74107.83,2.8910349666438147,Marketing,0.09644863918249398,Moyenne,0.03856594479714227
246,32,35,76056.33,3.238858286198353,Marketing,0.027772289120277585,Faible,0.19096405413655881
247,22,5,55289.93,1.1845581511192456,R&D,0.09967098781133098,Faible,0.1901660440645914
248,47,22,62906.26,2.241520404814153,IT,0.09935725872362951,Elevée,0.08667073104226317
249,41,25,33074.93,4.592743255790735,R&D,0.14194765840894483,Elevée,0.26973931467973783
250,59,3,47070.27,2.2350058049490613,Marketing,0.04805403094508336,Faible,0.1964212053528387
251,59,8,49481.49,2.8142467190321963,RH,0.05338228605106901,Elevée,0.07616834043798629
252,31,12,55273.65,3.2787082331682673,IT,0.015622345351885003,Elevée,0.17750728003862123
253,42,29,72432.42,4.061852778966539,Ventes,0.022708296811414265,Faible,0.08881073349511542
254,50,32,70478.32,1.9925268203468902,Ventes,0.08365311105030111,Moyenne,0.047375128732526584
255,37,2,30488.88,1.2907115175226793,RH,0.10750365085572731,Elevée,0.10427402235580377
256,26,17,37768.56,4.438958621873905,Marketing,0.17995712738993802,Moyenne,0.16146752691971544
257,27,19,48858.05,3.8567451754348294,R&D,0.1410117207447081,Elevée,0.19460000922743942
258,38,15,55600.87,4.085524228767354,Marketing,0.1981824003567284,Elevée,0.2502191870212068
259,48,22,60349.46,1.6832779729788334,RH,0.11871557901347814,Elevée,0.20161929943528548
260,39,6,37219.89,2.889775982220576,Marketing,0.18778325355700348,Elevée,0.08967322252265171
261,49,34,64814.54,2.8238313615518034,R&D,0.17099131325792905,Moyenne,0.09965884616354977
262,41,3,74538.96,3.013491639203627,R&D,0.005535365342881038,Faible,0.16660937982896576
263,29,28,41185.89,4.673171221304639,IT,0.15923868099387717,Elevée,0.2529928681743319
264,45,20,56994.28,4.966751109022892,IT,0.04464709196380519,Elevée,0.15695597839614037
265,52,16,79488.24,1.1265830429747603,IT,0.18966012909695942,Elevée,0.22825229500204144
266,47,8,62206.43,1.7373345312055708,Marketing,0.02393581524259607,Elevée,0.17112817538555164
267,29,30,34662.7,4.362228764524408,Ventes,0.041094739605711667,Faible,0.1934294868775934
268,48,36,68667.75,1.3502871022287253,Marketing,0.06067301618542784,Moyenne,0.2569092411851981
269,37,34,55393.68,4.902048735318013,R&D,0.0006183244714609737,Moyenne,0.13170434856322275
270,20,5,35600.74,3.817648852379828,IT,0.0027365142734426364,Moyenne,0.2092628311280533
271,42,25,55757.65,1.0455682257098347,RH,0.12766354398739516,Faible,0.2501839838570011
272,36,6,67761.98,3.792004659028653,Ventes,0.011176819019448427,Moyenne,0.1945466731822406
273,56,20,35857.09,2.2344798362051415,Marketing,0.020254660454021356,Moyenne,0.018704891361830244
274,50,18,47812.8,3.0058046969488137,Ventes,0.08671094310398234,Faible,0.14578338356614098
275,44,33,34119.82,1.5588300546880691,RH,0.15181176585575898,Faible,0.1786534580022132
276,23,5,37574.85,3.4140481759748913,IT,0.07045761584149038,Faible,0.08688763365100353
277,28,34,32624.86,1.853621295032359,IT,0.17728344657352035,Elevée,0.1824255771313568
278,47,39,41307.16,2.1313014112300306,R&D,0.03546816850402055,Moyenne,0.271199312166664
279,49,10,52711.62,3.7842318374337522,Marketing,0.044890325505178,Moyenne,0.1813051538882664
280,43,6,69571.05,1.79524021717229,R&D,0.008767757058546577,Faible,0.005679431265687429
281,52,13,64315.05,2.1551597474230095,Ventes,0.1612521161719724,Elevée,0.15503219706638993
282,39,17,59376.92,1.3475426832090842,RH,0.15346344487861893,Faible,0.08592949459931105
283,28,18,79329.69,3.4015668280512874,RH,0.18557879349367962,Elevée,0.16108293399307153
284,27,5,53184.73,1.95956812035852,R&D,0.171414982075463,Faible,0.21817089572095863
285,43,26,75757.24,4.526195357191627,R&D,0.001220087581719298,Elevée,0.036193454681465675
286,33,15,46832.01,3.365469287129251,Ventes,0.12689712028585762,Faible,0.010359315464002372
287,37,18,51324.06,1.8870249629331237,IT,0.04267988968238548,Moyenne,0.2989563396626632
288,20,5,49863.4,1.0291487883636434,RH,0.011305630622801034,Faible,0.05273850379095333
289,31,7,59840.98,1.4669676147039823,R&D,0.19597829675016454,Elevée,0.2601480589211263
290,48,29,76602.84,1.9221223169103725,RH,0.05914805272184856,Elevée,0.081494372872236
291,56,11,68388.88,3.2100482105348105,IT,0.08764313608718495,Faible,0.17235273463218226
292,45,6,71697.28,1.772194136169115,RH,0.09461502835335517,Moyenne,0.10158433682127872
293,52,37,69605.26,3.7308121104973933,IT,0.1945239412681439,Moyenne,0.05689881618488046
294,34,37,77595.02,1.3551092120880686,IT,0.0992012401297026,Moyenne,0.14087180497822685
295,42,21,35710.62,2.5989274311346375,Marketing,0.14522879762044016,Moyenne,0.23681806186023685
296,48,23,70719.87,1.946351381175107,Ventes,0.05412669651563345,Elevée,0.23108537249966055
297,40,11,63613.64,4.2114443118544065,RH,0.11193365772915648,Elevée,0.21669221855521673
298,38,31,31636.89,1.5118115833277215,IT,0.10233033917086348,Moyenne,0.2661907366201761
299,24,5,49942.38,1.4824019653330924,RH,0.018183709632592904,Moyenne,0.07325102475895452
300,42,2,45922.52,4.126082621082181,R&D,0.17216837067432833,Faible,0.11472138687351911
301,55,8,35159.66,2.4071459210989996,Ventes,0.03072796455036904,Moyenne,0.058267771665983
302,39,6,45492.63,4.148963438751601,Ventes,0.08672937239935984,Faible,0.09769919100322812
303,27,16,35619.55,3.6587750698397374,R&D,0.1818700929448139,Moyenne,0.06791034063852833
304,28,33,30193.0,1.3528419724170249,R&D,0.12053615326274461,Elevée,0.011890293670220863
305,33,24,74379.98,4.884196660443715,RH,0.07701595050596638,Moyenne,0.27851576614788437
306,25,15,37842.15,4.7218688014377825,Marketing,0.1581694506010391,Faible,0.23212642198294975
307,20,5,54391.93,4.207389703246594,RH,0.013229141797825417,Elevée,0.09236023747896667
308,28,30,32770.38,4.353494269787642,RH,0.15209004510706586,Elevée,0.193930300443372
309,35,26,70595.15,3.482079934261344,IT,0.1729233252925431,Moyenne,0.0007554238593106998
310,35,5,67803.68,4.680225221389519,RH,0.15550333382813739,Faible,0.22874828367447894
311,31,1,70987.85,2.663150052187655,Ventes,0.05728927574741245,Faible,0.15911601507770712
312,24,5,65741.76,4.573696614546661,Marketing,0.06806343872683347,Faible,0.038778489824372875
313,59,21,72520.26,2.833097201610808,R&D,0.16742227977882207,Elevée,0.11603043394996077
314,48,6,44866.26,4.127124154279839,Ventes,0.0452286606567814,Elevée,0.032651322170230965
315,46,25,43631.77,2.9023987844129904,R&D,0.10757871519308265,Moyenne,0.16275200531322825
316,30,18,32107.55,3.788865952556454,IT,0.11177382489846424,Faible,0.08434930511308496
317,47,5,78574.0,2.730553838795479,RH,0.16246572513115407,Faible,0.20526728450698326
318,55,33,45301.14,2.5247897479398933,IT,0.0032264032048570537,Elevée,0.278194551712224
319,38,18,41371.19,3.6081167271390315,R&D,0.19997945861422287,Elevée,0.012575321336985168
320,54,9,33412.66,4.127107395947057,RH,0.028028000096424477,Faible,0.10016693475250867
321,50,10,51491.17,1.3258199819470091,RH,0.07121325444929431,Moyenne,0.1405963503168648
322,38,37,70430.41,2.05636018861688,IT,0.13414668015530304,Moyenne,0.21740448651566116
323,43,32,45979.63,3.3545794262825384,R&D,0.0038975704842934447,Moyenne,0.05452667701295533
324,21,5,69018.5,2.175549708076464,Marketing,0.0990814787133843,Elevée,0.06311742851744478
325,26,10,68694.42,3.3240695900621273,IT,0.002644607804877053,Moyenne,0.04479380774490255
326,50,36,76825.86,4.9735765497054985,Ventes,0.05083834470723463,Elevée,0.05642291575499899
327,36,33,42840.65,4.5404094763162774,Ventes,0.18390439760443822,Faible,0.08237225979511469
328,46,15,59252.29,3.3106860773977056,Ventes,0.06171904534421178,Faible,0.2978428373087784
329,55,24,76472.12,1.2732021694578175,R&D,0.18850011768809383,Faible,0.012437538716091179
330,29,33,41742.28,4.291447018680831,Ventes,0.07763417824825458,Faible,0.08040403410507076
331,33,29,36741.6,4.80653058793462,Ventes,0.11355251478484658,Elevée,0.12640878130720104
332,26,34,49022.48,1.5111361434102233,RH,0.1481172940866652,Faible,0.2802485338670773
333,58,9,75520.48,3.475960580544483,RH,0.16670405906375535,Faible,0.08165005550207101
334,59,38,67476.84,1.5929924822314843,RH,0.009207315555066242,Moyenne,0.10419788019494236
335,28,3,31873.88,1.4452808203640641,R&D,0.07151776056462249,Elevée,0.15289150369335866
336,33,18,68663.1,2.4677978631560054,Ventes,0.012814174688137126,Faible,0.019989724727651648
337,27,16,52591.57,2.011828459996957,IT,0.19453061024874096,Elevée,0.02702737509049503
338,36,4,63316.02,3.9439420570328,Ventes,0.05377130388972049,Elevée,0.05572796304637325
339,42,22,65524.16,1.9047933315643752,RH,0.08352496165075736,Elevée,0.07856037561317747
340,35,30,57649.22,4.385250692178802,Ventes,0.0832098814155638,Elevée,0.1555779823690271
341,45,38,64833.91,1.9622195793537411,RH,0.069390282953813,Moyenne,0.1605501405499448
342,28,23,61765.69,3.637671336385498,Ventes,0.025694194797287143,Faible,0.22890378847575046
343,55,19,64066.78,1.6990300115873067,R&D,0.04807462385619652,Faible,0.1351216448563162
344,26,8,35195.07,3.327426464628812,Marketing,0.12357076156805036,Elevée,0.2113553332498358
345,37,27,67871.88,3.0152084023104666,Marketing,0.1588352137649604,Moyenne,0.21227487882725096
346,27,5,54547.8,3.2855223075119806,Ventes,0.16857808847652284,Moyenne,0.28861136762548617
347,40,26,39439.1,2.5397545593886224,IT,0.04796597880031475,Moyenne,0.09900810021019611
348,45,27,45577.41,4.721222902139516,Ventes,0.03811979235535306,Elevée,0.10789894224406286
349,22,5,61026.68,2.2420311766949568,Ventes,0.09237266148730544,Elevée,0.2087171551880246
350,36,15,78195.4,4.632505707726964,Marketing,0.09591451668302341,Faible,0.11197914703619873
351,43,19,39404.05,3.988398358014874,Ventes,0.07284538701712913,Moyenne,0.2485729583595117
352,44,33,74764.62,2.4655561508201864,Ventes,0.0698991624401234,Faible,0.026927313932839137
353,24,5,62338.77,2.8343891146780207,RH,0.14632970884227267,Faible,0.20830003559210147
354,56,37,54873.99,4.491188602680584,Ventes,0.19585087648058971,Moyenne,0.046642257473819934
355,43,39,48509.76,1.7218821686358807,RH,0.002576318427285318,Elevée,0.16517272830937202
356,50,21,37697.14,1.6170720101861362,R&D,0.022087330451997823,Elevée,0.1518549447240116
357,45,4,36032.31,3.2695144104536147,IT,0.04799155886699396,Moyenne,0.20336128822194177
358,40,19,36546.74,4.926707665507909,Ventes,0.17688085099473996,Faible,0.16843473902616535
359,53,14,41406.64,2.9994962898943496,RH,0.17496590613214003,Moyenne,0.16266078573117332
360,57,32,72631.7,3.4608228529028646,RH,0.08136883743755828,Faible,0.15346035039671382
361,43,34,42255.8,3.5032585461286074,Ventes,0.08015240095179316,Moyenne,0.2336033533036069
362,47,19,47824.24,3.7598963069606306,Marketing,0.08879463845671456,Moyenne,0.08058611218419702
363,49,13,76597.64,3.695210282087108,Marketing,0.007566805812726108,Moyenne,0.04828263677292288
364,53,28,54014.77,4.501127704535712,Ventes,0.17306167132200878,Moyenne,0.0037826428449023062
365,42,35,59604.41,2.7319847076606205,Ventes,0.14108353473292598,Elevée,0.039562949105732326
366,27,8,71436.72,4.788013608280119,Marketing,0.06430745278257458,Moyenne,0.19352227208125725
367,29,31,37142.8,4.112921019330652,Ventes,0.004808556015554966,Faible,0.21631581653933724
368,20,5,56686.16,2.096897061696266,Ventes,0.036323068553310266,Faible,0.18887605795162832
369,39,2,34940.29,2.1573676865568916,Marketing,0.0645406177568342,Faible,0.02058626469617758
370,56,25,57139.13,2.594310577981626,RH,0.05920017577470085,Moyenne,0.23178065120661104
371,37,17,59718.93,4.883389059217366,R&D,0.17726856001642222,Elevée,0.15486988971655494
372,40,28,57304.47,1.093640930591842,Ventes,0.15900260995237653,Faible,0.07202393098765125
373,23,5,48214.23,1.3211774200679876,Marketing,0.038574230098622445,Elevée,0.17597385555034623
374,21,5,72421.93,2.7397449466142025,Ventes,0.18107124842073108,Faible,0.1247771762793143
375,40,13,45481.69,3.386733222251903,Ventes,0.10962860555522236,Elevée,0.20920652452051486
376,56,5,68196.38,4.7605623912220665,RH,0.060653473792558414,Faible,0.14870678334011703
377,24,5,52424.11,4.177724335443672,R&D,0.026029376761749035,Elevée,0.010794108405234358
378,36,11,70271.06,1.1526952104506138,Ventes,0.1883416448188242,Moyenne,0.19338799533202633
379,30,28,69576.87,1.388554093390725,R&D,0.013165229821806257,Elevée,0.21341602497137518
380,50,15,71045.0,1.6174537877677366,Marketing,0.05235677514629176,Faible,0.1941197825896532
381,47,39,64543.54,4.186402435591007,Marketing,0.1677635063295985,Faible,0.27440186613590006
382,51,14,67898.09,2.323059956760248,IT,0.05580085742594507,Moyenne,0.09993362657434404
383,40,5,68987.41,4.195734792965576,RH,0.09616989888298358,Faible,0.0684109310042232
384,26,23,67567.32,1.0188130249096017,Marketing,0.15685732271953706,Elevée,0.1530842107342073
385,29,16,49604.0,3.24281925760758,Ventes,0.11819964081687169,Moyenne,0.24205486351047117
386,47,30,39872.07,3.5177587894696205,Ventes,0.14264798994258945,Faible,0.20603841222715283
387,55,15,78506.54,3.065928646347123,Marketing,0.06242919676358447,Faible,0.1274263729631124
388,39,26,42815.51,4.285945816978208,IT,0.03969696118675423,Elevée,0.050271240960777126
389,32,12,79018.75,2.5035077875110145,RH,0.120694370354689,Elevée,0.050723850341446254
390,38,32,35109.21,3.4317472115908547,IT,0.033436750268738005,Elevée,0.13102575843812392
391,30,28,71348.72,1.4603096238206494,R&D,0.10779572502227103,Elevée,0.2692056020690791
392,54,23,40575.9,4.0660030705223384,RH,0.16844809426134438,Faible,0.12752707246931214
393,53,21,71547.41,1.5069347031398301,RH,0.120161967458699,Elevée,0.28045429045642845
394,23,3,33459.24,4.027284038524845,Ventes,0.1276644955373123,Moyenne,0.14054471905862614
395,32,26,73335.15,2.268666228321168,RH,0.05518618246053784,Moyenne,0.011014610528464796
396,56,1,50918.17,1.0585835645881785,RH,0.19802490890793373,Faible,0.0783728467848208
397,21,5,76241.24,2.796124836761652,Ventes,0.05882039075586076,Elevée,0.0035764601972371633
398,20,5,62113.97,3.8623661549001125,RH,0.07148680893805599,Faible,0.05966280990810032
399,59,19,55818.16,4.604742945007615,IT,0.07716914207834057,Faible,0.13823470889807513
400,44,23,58362.03,4.05015849394658,RH,0.18998941991383445,Moyenne,0.1424300451928547
401,56,26,56822.78,3.1973279881588725,Marketing,0.12213690974666498,Elevée,0.29721396489832264
402,55,14,36838.5,2.4274804318694323,RH,0.012098236439825017,Faible,0.04179974709085823
403,25,13,63578.42,3.233221455669821,RH,0.07572912703031376,Moyenne,0.17603834659321638
404,26,38,38935.86,4.5400890197543164,R&D,0.029338756319369552,Moyenne,0.03364451520410506
405,23,5,71908.77,4.449516471614883,R&D,0.027729690503696072,Faible,0.10582972837819515
406,54,32,33145.35,1.0387505079784107,IT,0.11895799233521359,Elevée,0.19724430831469406
407,53,29,77720.04,3.6940998119618613,R&D,0.07040330322357062,Elevée,0.17095490526049137
408,48,20,37447.93,1.6125269098917467,IT,0.10811408921185713,Faible,0.09918234183232053
409,24,5,37773.66,4.215051720250061,R&D,0.1241316986857115,Moyenne,0.2013545109525996
410,46,30,33504.44,4.380051428483277,R&D,0.09756397720547744,Elevée,0.2052661946887479
411,52,29,37490.78,4.454030653756869,Ventes,0.04307829698621255,Faible,0.06466999552210372
412,29,11,58699.69,2.162373793541267,IT,0.018489111496949494,Elevée,0.11828542738507841
413,25,21,47845.2,3.5980429240947456,RH,0.06007500152964902,Faible,0.12143971613061681
414,53,18,76692.0,1.3859807782943325,R&D,0.10770317956605172,Elevée,0.2643155775445529
415,27,1,48316.36,4.897712196456128,IT,0.05587061495568346,Moyenne,0.19514352996202494
416,50,39,76307.07,2.6376853232506723,RH,0.07835562238174827,Faible,0.20998256420442804
417,28,35,32928.37,3.180064265909108,R&D,0.18114096676988542,Faible,0.05224574349989013
418,40,2,40997.0,3.0154531546947223,Marketing,0.005266931949457532,Faible,0.296197226860182
419,27,23,72133.9,3.5438718813249186,RH,0.01654469677252104,Faible,0.09277175350859707
420,23,5,38183.65,1.3126324772885645,R&D,0.16401246639621822,Elevée,0.1523269566848785
421,41,29,43012.63,1.3597153610863302,R&D,0.03722058869140554,Faible,0.03281355882958494
422,47,2,48560.87,1.3109963272420324,RH,0.16644284397192885,Moyenne,0.07416214129951443
423,23,5,59209.92,1.736262786488163,IT,0.12497030803011507,Elevée,0.05025068449875094
424,58,3,49615.56,2.6108288558711314,Ventes,0.02188328055225197,Elevée,0.2341891135513777
425,40,33,43408.65,2.5870670506199174,R&D,0.06685628839967135,Faible,0.27801228947287365
426,27,7,54347.21,2.2455017064556926,IT,0.1923178760212971,Moyenne,0.203209816230332
427,39,39,56592.95,4.072944971030163,Marketing,0.03532617190584682,Moyenne,0.23798239079123046
428,51,36,78120.51,4.377925202273094,RH,0.08268718835245631,Elevée,0.0492668804191343
429,20,5,63797.73,1.373195855724795,IT,0.06146193191525169,Faible,0.1319964845711932
430,25,24,39608.66,1.5149765494997305,IT,0.10196302273470864,Elevée,0.030903073968498437
431,47,19,68066.51,1.073140987754818,IT,0.08687771061722185,Faible,0.2772816131673422
432,50,39,79057.09,1.544153003577883,Ventes,0.18637181008332127,Moyenne,0.20585551644415404
433,29,26,37535.76,2.4548108991753232,Ventes,0.16522335932502635,Faible,0.030301419106293935
434,39,16,38112.59,3.439966103360585,Marketing,0.116075738038503,Faible,0.22139114315492217
435,27,28,35734.05,2.918339360776925,R&D,0.06676899527109939,Faible,0.09102696123844181
436,41,22,44538.07,4.8895907686028135,Ventes,0.15022594563622044,Elevée,0.2761078715778421
437,57,2,64798.71,1.041311678725561,Ventes,0.11791769327211088,Elevée,0.01909475825219582
438,48,10,46638.84,3.7111005529166476,Ventes,0.03249577576296372,Elevée,0.09340484468801442
439,28,18,34772.83,1.7123406852986176,Ventes,0.06240841232660763,Elevée,0.25576387414608936
440,20,5,61495.09,2.7115028443825935,Marketing,0.11366465305046985,Elevée,0.030992784394330317
441,58,1,68756.91,3.919160631446338,IT,0.13999234579592773,Moyenne,0.0821469172016289
442,45,4,50252.07,1.2308759240202187,RH,0.06410085721554436,Moyenne,0.05241708606386677
443,30,37,63340.85,1.3300138619768997,RH,0.18204479556051192,Faible,0.2677579812564951
444,54,21,59451.56,4.057420553856739,IT,0.0816399534737981,Moyenne,0.14395911566430183
445,43,20,62182.2,2.626298940771949,R&D,0.029834407349679792,Elevée,0.2568143961464262
446,52,6,51094.11,4.53881490675736,Marketing,0.04246925676824447,Faible,0.09793304241737218
447,39,21,53854.97,2.8564434528696707,Marketing,0.039757742441764735,Moyenne,0.20071493115507225
448,46,5,70747.48,3.7489589511615002,Ventes,0.04676085989559196,Faible,0.030189062333369265
449,34,17,59356.1,3.9225930887414906,IT,0.07673450419687727,Elevée,0.1291136967637663
450,52,17,34714.41,3.0096249670448088,Ventes,0.09298882110933503,Elevée,0.07734929914592044
451,26,6,31492.69,4.495523979580772,RH,0.10845515378517544,Moyenne,0.08151606301639429
452,53,33,55562.58,3.4361432068903364,RH,0.18760529803066597,Elevée,0.035752059033030734
453,24,5,57232.99,1.6561783650733517,IT,0.1139919073420332,Faible,0.11649397143651527
454,49,4,70808.4,2.8462737153017184,RH,0.03592926749163912,Faible,0.05177329462694106
455,47,9,66521.84,1.2067682825407116,Marketing,0.0910710714515623,Faible,0.2049630588691989
456,37,29,41269.15,4.975877054350008,Ventes,0.033761798319379026,Moyenne,0.15521503773561454
457,55,11,69679.85,1.2288302350028575,Marketing,0.18221827509354332,Faible,0.13750079467802293
458,22,5,61455.78,2.102644874996413,IT,0.03367522223759385,Faible,0.2622018061808235
459,40,29,41663.55,3.6966651214949087,IT,0.12211130710582963,Elevée,0.05559065295564789
460,35,32,55793.67,2.0235821353133203,RH,0.1155926210844705,Moyenne,0.20976170796472593
461,56,12,42001.38,4.3243545444204265,R&D,0.12463003557639084,Moyenne,0.05554832196063908
462,24,5,66086.14,2.13933072266039,R&D,0.011722876567877183,Moyenne,0.18856197958448484
463,33,28,45093.28,3.34292034483492,IT,0.057864465808936005,Moyenne,0.011721937873257038
464,50,8,54837.22,4.249723784135892,Marketing,0.07073418325856987,Elevée,0.010317792964776551
465,43,39,74909.81,4.257166711594547,Ventes,0.18463220644185355,Moyenne,0.12421224797091425
466,54,6,79368.07,4.57694821875879,R&D,0.12171860732446388,Moyenne,0.29795894408283385
467,55,10,77894.93,4.884216827322062,R&D,0.16156433891077532,Faible,0.04424668619661669
468,29,25,68523.32,3.9445035038302283,Marketing,0.09920473702402864,Moyenne,0.22596908321040035
469,46,13,36810.16,3.357656560733849,IT,0.07946110577637405,Moyenne,0.1721589908591822
470,46,34,53397.35,4.2151973072952345,RH,0.0967198178616882,Elevée,0.08423293849529354
471,42,15,78414.28,1.934578965909724,Marketing,0.1574327676954721,Moyenne,0.2304450126032106
472,32,16,47650.48,2.567880932546952,IT,0.018201392534649054,Moyenne,0.08861301486702207
473,35,5,37974.83,4.641710273512029,Ventes,0.19073564758791375,Elevée,0.05062080709845722
474,54,23,39565.63,4.958204294398683,IT,0.12071135228088561,Elevée,0.058234310818778355
475,46,3,57467.42,4.866724411147368,RH,0.03724445015240783,Moyenne,0.056507541555828794
476,58,8,31085.09,2.4746336574407746,IT,0.008752653473860695,Elevée,0.22756849964092069
477,36,9,68513.07,1.6995902243320065,IT,0.025617486791006328,Moyenne,0.158535892219566
478,20,5,49628.45,2.143687718632312,Marketing,0.02142076182173851,Faible,0.19606945175066276
479,30,16,41167.91,1.206247938017171,RH,0.08052893490273526,Elevée,0.2682964132800262
480,31,16,44579.83,1.0312538071744548,RH,0.13839811346143407,Elevée,0.0504702150085559
481,33,26,70157.2,1.1422079923304649,R&D,0.050036506588478406,Elevée,0.12670586108878382
482,27,23,31859.06,3.686014029048621,R&D,0.0770098589862601,Moyenne,0.2040273054980985
483,50,26,68566.04,1.5794243976646336,Ventes,0.11283917202611858,Faible,0.10493531799636947
484,26,26,68114.85,2.9070807830789303,Ventes,0.16269260136966698,Faible,0.1984818809667386
485,50,20,34077.06,2.6840706542992554,RH,0.12153504145128652,Moyenne,0.1079196071147497
486,35,30,71551.82,4.668367919090787,IT,0.037041662426321856,Elevée,0.053613621104539606
487,58,10,38602.11,4.750970851864019,R&D,0.04883668904001599,Faible,0.16021164632346227
488,38,12,36821.62,4.305327625248614,Ventes,0.074281906160018,Faible,0.004614888347461509
489,27,36,38320.06,4.1276625508706495,RH,0.09741044053015527,Moyenne,0.11552385942403902
490,48,27,30137.9,4.3503597803267775,IT,0.17684118393686604,Elevée,0.20560950456055863
491,21,5,56672.83,4.720416333128146,Marketing,0.049332949421942086,Elevée,0.07931756245236256
492,22,5,48448.79,3.26485221979568,IT,0.18553638815313145,Faible,0.2178495583569925
493,48,2,37162.66,2.7904405057420307,R&D,0.15469177361093622,Elevée,0.14791860989529484
494,34,36,73436.43,4.345913673610366,IT,0.06390266507547385,Moyenne,0.08633319585386393
495,57,11,55310.08,2.7351931109406715,R&D,0.1933601263333063,Moyenne,0.1294073406329083
496,47,11,47435.4,2.142177442965929,Marketing,0.0737571187757388,Faible,0.019686357268133746
497,56,25,56636.03,2.968907120132996,IT,0.135886635840007,Moyenne,0.1444489888166238
498,51,32,70460.6,2.4453257934855315,Marketing,0.18731075326542979,Faible,0.12288313516148411
499,49,28,38546.74,3.3174035156029498,R&D,0.15784267878240615,Elevée,0.13833701942283946
500,49,14,73283.83,3.004305569033059,R&D,0.17730135498883423,Faible,0.03063152516627153
501,53,15,59272.24,3.134251907259728,R&D,0.03233384521053817,Moyenne,0.008275648353102927
502,32,6,60776.59,1.166034187200478,RH,0.1287042189262257,Faible,0.039440022942526194
503,52,24,59427.11,1.952669852785803,R&D,0.01598154117613122,Elevée,0.09308614509276016
504,36,38,41065.96,2.3236345548832036,Ventes,0.19599078670047898,Moyenne,0.032408720925976096
505,22,5,39236.93,1.408730029410986,IT,0.13965574006923373,Elevée,0.2301975225023237
506,28,12,53867.62,3.393986964290974,RH,0.020845283268933604,Faible,0.25902438175414827
507,30,25,47817.14,1.6762892387760995,Marketing,0.15859997654567587,Faible,0.1747977527274472
508,46,18,42041.82,1.5798980828825901,Marketing,0.09246157328954495,Moyenne,0.1883792630019098
509,47,22,59063.46,2.9497187940079463,Ventes,0.015903568867616482,Elevée,0.2880110827893774
510,21,5,72809.23,2.7478607416010035,IT,0.1608737387303455,Elevée,0.16542526936849714
511,20,5,57844.89,3.548305454158707,Ventes,0.007050930186478,Faible,0.2606063138496702
512,25,26,75326.16,4.880124128292785,IT,0.15906621930963621,Moyenne,0.21818827065441562
513,44,30,65839.75,1.1619602083336678,Marketing,0.11484420286530142,Elevée,0.16626704882009188
514,54,38,75021.86,2.967525191559949,Ventes,0.0005412098949626465,Faible,0.15343415172963126
515,35,32,40085.54,4.260183572705328,Marketing,0.08906704011841947,Faible,0.00895373494360191
516,23,5,59366.83,2.3922254351969996,IT,0.12211676810592623,Faible,0.08925522926936548
517,57,15,47733.89,2.6328336142665885,Ventes,0.04102406527943776,Elevée,0.0711573309862216
518,39,33,67185.26,1.4497645667325463,Ventes,0.0472247853812765,Elevée,0.08774610218949723
519,44,2,52493.98,3.1123388293645595,RH,0.012944711233952312,Faible,0.1998147561826076
520,26,2,50609.06,1.2036147406382804,RH,0.13394678893823483,Faible,0.154815580595633
521,40,37,37148.94,2.2085903335136527,IT,0.038902845811879395,Elevée,0.12134519739266797
522,26,26,47727.72,3.6697933755038914,IT,0.1722178423141707,Moyenne,0.19591280712862816
523,48,13,63390.17,3.9994513603923036,Ventes,0.1517043724561103,Moyenne,0.05380992184862866
524,26,9,55438.63,2.071357346768915,RH,0.01859215461026682,Elevée,0.07094469252521075
525,22,5,55956.6,3.1607667169361457,IT,0.11153452302144573,Elevée,0.14438451070744082
526,48,25,62408.29,3.094426642255013,Ventes,0.08250180444503162,Faible,0.21173124268347818
527,48,20,43791.88,3.9247423464309987,IT,0.15574513484553987,Moyenne,0.032745207006436315
528,58,4,41037.31,2.558338524330281,R&D,0.13243817435650643,Faible,0.25380861253452486
529,57,11,78387.93,2.307575988638253,RH,0.015630939430259505,Elevée,0.22719646293831702
530,25,8,36891.57,1.4781746216202434,IT,0.1963311972331478,Faible,0.19268048415761002
531,29,29,34049.91,2.7635090730724663,Marketing,0.05138563270162569,Moyenne,0.1328794893777326
532,56,15,65182.52,2.281768945382222,Ventes,0.05111191069524615,Faible,0.2442753251659506
533,33,9,62356.27,1.7837843822757682,Ventes,0.06095808815827833,Faible,0.11412578730990192
534,41,36,48548.66,1.6519075650364363,RH,0.19521116119348392,Faible,0.05953690564845384
535,51,36,33839.31,2.319345044274121,RH,0.16075634359919083,Elevée,0.05928612278421233
536,37,18,43976.5,4.16606597803357,Ventes,0.017210309323663454,Moyenne,0.2738216250475724
537,55,24,33111.23,4.13856298334516,IT,0.08359663152541048,Moyenne,0.17804222180236848
538,28,13,79456.07,4.91452185316516,RH,0.17105712565395909,Faible,0.07230610792816723
539,45,8,64770.37,2.6787392931663656,RH,0.06984462035030341,Moyenne,0.06965245388167392
540,41,31,51594.66,4.548665405752594,Ventes,0.05828280486934787,Elevée,0.14392502116861441
541,57,20,75986.5,4.73470584004451,Ventes,0.12788020438158157,Faible,0.16799105724808006
542,42,2,58272.29,2.4493999232055064,IT,0.07353469490089529,Elevée,0.26898457406204335
543,36,19,65563.75,2.9537885302077456,Ventes,0.03232359514805534,Faible,0.07669843686853012
544,45,15,55338.49,2.358010671954079,R&D,0.09665419788894683,Faible,0.198040238282131
545,57,26,71323.9,1.4296980747969048,IT,0.16233921422630618,Elevée,0.21783756320058523
546,21,5,79122.32,2.6084825147047352,Marketing,0.1689047959636933,Faible,0.2646020968044097
547,25,9,50606.39,4.853497676608146,IT,0.12313091439438371,Elevée,0.26259139549745825
548,26,35,37364.87,4.289259394130408,R&D,0.19982406745368578,Faible,0.1714379858137117
549,32,27,50092.23,4.047338601669294,Marketing,0.19693416548986803,Elevée,0.09794451898553144
550,46,12,69885.6,1.4037053575751557,IT,0.047738975097604254,Moyenne,0.08678434869568542
551,30,12,30009.34,1.0431680120366993,Ventes,0.15418418708626613,Moyenne,0.2064108624140328
552,34,37,77729.74,1.5598682785235005,Marketing,0.036779085147093514,Faible,0.23933636246253473
553,28,13,63125.72,2.5555555164733565,RH,0.08228331377297238,Moyenne,0.12339236857043465
554,27,18,45532.39,4.6843428958109286,Ventes,0.001992703917129113,Elevée,0.21724882085484043
555,25,32,54491.07,1.533441072540716,IT,0.040287566316096715,Elevée,0.02849602408193451
556,23,5,43203.64,3.2899328435074064,Ventes,0.0447236203100688,Elevée,0.03651125852222581
557,30,11,51796.56,3.1432020348001983,Ventes,0.19755256951179695,Elevée,0.12482510953657175
558,47,12,61910.96,1.6434187685987722,Ventes,0.008329056007087799,Faible,0.21721420070711095
559,45,30,63703.86,4.170701528852227,RH,0.18917033999342725,Elevée,0.27446634522477154
560,23,5,46138.67,1.1394534366982252,Ventes,0.16763838490319216,Faible,0.20169441775655245
561,34,11,31148.31,1.3149388910946391,RH,0.0044958742933213225,Moyenne,0.053838947080329776
562,38,13,48859.72,4.383246438684715,IT,0.02734653195457495,Moyenne,0.12602377183749577
563,25,11,48768.9,2.3843253128480435,R&D,0.12580605546135457,Moyenne,0.08196581805223942
564,24,3,50601.22,4.936319747605598,RH,0.07015970560181269,Moyenne,0.020231579220088867
565,37,12,78286.27,1.9454877560993142,Ventes,0.06827191257846728,Elevée,0.24773560630993186
566,25,28,78504.85,4.601915485965618,RH,0.1392942496002478,Elevée,0.10305914373512406
567,50,4,37435.71,3.2952652626524057,Marketing,0.19895111528646012,Faible,0.15529869757807122
568,44,17,75671.63,2.5735406402632726,IT,0.06654244685541913,Elevée,0.17300804610856071
569,23,1,78922.98,4.077430775933874,Ventes,0.18460877496166425,Moyenne,0.27622473696889893
570,25,14,42832.38,4.359399516028991,Marketing,0.14568834542681716,Faible,0.030091972588715085
571,56,39,67051.2,2.2504315067792557,Marketing,0.16939785811736113,Moyenne,0.29172582501803573
572,44,5,38772.74,2.9075624539391964,RH,0.10176761932665382,Elevée,0.13380592856862317
573,53,4,53598.28,3.702706609407486,Marketing,0.1066579777306052,Faible,0.15585851754802169
574,38,20,60360.23,3.792349253929204,Ventes,0.10929297133660594,Faible,0.29743984262147954
575,53,18,38979.42,2.2013647286017877,Marketing,0.11302782304181057,Elevée,0.05272724703470526
576,34,17,57359.2,1.3708174881688882,Marketing,0.028888221516083903,Faible,0.22058325661475434
577,27,8,66941.56,2.564420062242475,RH,0.041409080828165926,Faible,0.20491787747049975
578,53,25,63370.89,2.3788211595501445,Ventes,0.03074493500773594,Faible,0.06724856754479157
579,37,12,61537.32,1.3584691552480352,R&D,0.03819424930005691,Elevée,0.2898775539328759
580,49,23,36021.61,2.5727545142186843,IT,0.13299349955443285,Elevée,0.01097484553463156
581,32,28,77819.48,3.284626679378242,R&D,0.04130002710413534,Moyenne,0.1981806837071483
582,52,3,37045.85,4.9853492024302355,R&D,0.1756789022230642,Faible,0.2620646629275754
583,54,9,60611.9,4.0280352327844655,Ventes,0.023894461152578473,Faible,0.12010531496849763
584,43,9,36476.57,2.3223658083578647,Ventes,0.19774804467156537,Faible,0.13297322722112132
585,45,26,56985.17,2.6631342820549757,Marketing,0.00028643159923191774,Moyenne,0.019723852879436187
586,20,5,73371.68,1.4726316176813938,IT,0.16877490826988722,Moyenne,0.07898705915334465
587,32,34,61514.27,4.2187400511822775,RH,0.0003981251285524179,Moyenne,0.21498031700041956
588,29,25,75429.33,3.2632367450721973,Ventes,0.1570936777187378,Moyenne,0.2946898721454061
589,38,22,62927.21,2.892770242596259,Ventes,0.14553096010570515,Moyenne,0.10350647792462231
590,24,5,52769.98,2.8188193569560296,Marketing,0.13890816084336233,Faible,0.04443904347344487
591,27,32,53343.11,1.930228896251685,IT,0.07017666451283058,Moyenne,0.027868537772616154
592,23,5,40581.88,2.095356557847361,RH,0.1254175799621394,Faible,0.05411088983654359
593,32,38,77693.05,2.2942768417497077,IT,0.1198810937440715,Moyenne,0.033312086248615626
594,57,8,45546.3,1.0071280670040856,IT,0.1479075119126273,Moyenne,0.24895234739465233
595,38,23,49997.29,3.1658733407943305,Marketing,0.1420020740894679,Elevée,0.11502641069104369
596,27,32,31489.48,4.959650329261275,R&D,0.049646381629556216,Elevée,0.11938125164761645
597,46,10,49400.31,2.3128692383910114,Ventes,0.14191806835685059,Faible,0.2530972013767753
598,49,19,35835.29,2.9107152250806627,R&D,0.06249363616997712,Faible,0.2226113635130993
599,23,5,39571.28,4.519294308610613,R&D,0.07710013000907251,Elevée,0.1580827120681752
600,30,20,69476.92,3.1381324255239074,R&D,0.05755472762001826,Faible,0.1499968643821992
601,40,26,53609.5,3.3808963900260034,Marketing,0.14784027505114639,Faible,0.2089791919174322
602,21,5,71886.95,2.4326273904024394,RH,0.16693442915315143,Moyenne,0.17620808067392116
603,40,26,46142.45,2.9016102922125135,IT,0.04972996296841568,Elevée,0.05654712431758937
604,36,25,49159.81,3.0748019097640418,R&D,0.10281752425534373,Moyenne,0.03773078869100871
605,48,27,71606.73,4.049643097181394,RH,0.14112426937771277,Moyenne,0.12175200411486764
606,46,33,33381.58,4.4918826734975585,Marketing,0.16490705773869863,Elevée,0.14822435684436625
607,43,31,71021.12,3.6545692314911142,RH,0.14545118912736174,Elevée,0.02466147368931736
608,22,5,40269.5,2.7994700059560866,Marketing,0.019836652946565825,Moyenne,0.16069896972408113
609,58,8,62746.52,4.379192937436434,IT,0.1368178381750568,Faible,0.2903137917058652
610,29,33,56643.47,1.8920060568371695,Ventes,0.18108002530152584,Faible,0.20946047838223772
611,22,2,69464.27,2.4053116620143644,Ventes,0.08839618455835863,Elevée,0.04277106981857025
612,45,27,68324.89,2.1533247192443983,IT,0.14852154758232225,Moyenne,0.17087351875129317
613,56,16,58770.2,2.7077694352894732,Marketing,0.19238506841387112,Elevée,0.24132642761681086
614,46,5,59034.46,3.9778942404787605,Ventes,0.13879305955657004,Elevée,0.10309818907965215
615,24,5,66718.05,1.6706952647047317,R&D,0.05794534738320396,Faible,0.12868001567825055
616,30,22,60528.16,4.539513388412343,Marketing,0.09041496783555553,Moyenne,0.0006770828207792401
617,32,31,57949.58,3.237567037751925,Ventes,0.09374136019424216,Moyenne,0.2608649457165987
618,53,23,54884.77,2.688860124645233,Ventes,0.1698090011976556,Moyenne,0.14105494805782792
619,57,1,77875.49,1.5249957054850087,R&D,0.19365426187351878,Faible,0.07606397756359724
620,59,18,41062.0,3.4549763077405187,IT,0.11864000382909255,Moyenne,0.05928215486450047
621,52,13,51854.71,2.270486720639309,Ventes,0.01538444522101603,Elevée,0.1281552724948696
622,53,28,50939.37,3.92288325531192,R&D,0.18991004630632188,Faible,0.0670343910711929
623,46,23,59327.82,4.904921700392626,RH,0.19880452675574067,Elevée,0.26903362130421754
624,55,32,64189.15,1.7453674711908738,IT,0.07911544731388226,Elevée,0.06802209183202117
625,45,35,41138.56,1.147371155985581,Marketing,0.16516912887748367,Moyenne,0.12073035585497793
626,44,35,58092.88,1.8105703120417656,IT,0.0867757218417476,Faible,0.042235094257337444
627,38,5,76019.44,3.2586594087660616,Ventes,0.13909255295182507,Elevée,0.03565856469410217
628,40,37,41717.35,1.5240839577291512,Ventes,0.00837437543422057,Moyenne,0.07131937018753302
629,50,20,35540.2,2.484179835549792,R&D,0.17813742642913405,Elevée,0.0008916837965296076
630,48,18,43961.62,1.7791131962160356,Ventes,0.00895846210844844,Elevée,0.17959015339795067
631,28,7,57637.04,3.913661213732631,IT,0.04401421948212019,Moyenne,0.06668456740198773
632,38,7,52624.07,1.0129674385648508,R&D,0.11354989590966068,Elevée,0.129444227835169
633,45,10,52019.29,1.1606013304072418,RH,0.17652902936257941,Faible,0.24258867374254725
634,44,29,62709.93,3.9266975491253806,RH,0.05449858784286419,Moyenne,0.12473459208968982
635,59,14,75824.27,4.874361255096476,RH,0.01786407589716794,Faible,0.22953019901522256
636,48,10,39293.13,3.3621111861559547,R&D,0.1619158520677583,Faible,0.21363252648846034
637,44,22,47428.68,1.2965331950249785,IT,0.07185953314122588,Faible,0.2584893218448505
638,38,3,49258.25,4.189667855746247,R&D,0.14872241064552094,Elevée,0.11897054713657179
639,23,5,37668.52,1.1073527149808564,Marketing,0.03847688744753537,Moyenne,0.22282139817832544
640,39,37,74525.24,1.7999600091283172,R&D,0.0465727647431605,Elevée,0.1689414041133296
641,20,5,76622.17,2.89649797263515,Ventes,0.0708131912830413,Faible,0.15625566181213657
642,30,1,79960.4,3.3940658041789984,RH,0.1569313492818584,Moyenne,0.0807275512424573
643,23,5,41860.4,2.609363031317807,R&D,0.18767127113286897,Elevée,0.15255380927001816
644,26,14,33587.6,3.553350829701567,Marketing,0.15744202456426776,Elevée,0.016394080520508114
645,47,3,37418.68,3.0893084678346914,Ventes,0.001553218481705021,Elevée,0.03463665970964913
646,55,38,71043.28,4.629172862508669,IT,0.16169137103561584,Elevée,0.14325553949525754
647,26,8,76483.91,4.997705732736233,R&D,0.12728568292603631,Moyenne,0.08959817253153127
648,39,24,47794.9,3.9207750248492146,RH,0.15970722256792136,Moyenne,0.2710004014905672
649,54,31,78124.81,1.3486759839293745,Ventes,0.11446339127218073,Moyenne,0.2861453330086755
650,58,18,69847.58,2.31955255721242,R&D,0.005729343427104761,Moyenne,0.2636225560264434
651,40,4,47674.64,3.0867766980392837,Ventes,0.16062341826987023,Elevée,0.012386718592100764
652,20,5,72547.65,2.049033732407787,Ventes,0.015272181618538895,Faible,0.2458022086307199
653,56,17,62050.28,4.4948990051101525,Ventes,0.06964996269325399,Elevée,0.1380581025253168
654,22,5,52324.18,1.7858961214868438,Marketing,0.10811863300814935,Elevée,0.014077264826383617
655,53,19,52596.28,1.8178669461181962,R&D,0.0571749769293696,Moyenne,0.03539696047480236
656,32,29,78105.99,4.619870565753632,Ventes,0.15194379372601677,Elevée,0.2383412098740988
657,35,36,44651.14,3.6773724900394904,R&D,0.1948263982680304,Elevée,0.1451874771039441
658,53,27,63484.74,3.466777011054871,Ventes,0.09251582702331262,Elevée,0.1769907169291412
659,43,6,70210.51,3.8270128946689823,RH,0.19055276523712644,Moyenne,0.006103020842346562
660,32,29,49269.17,1.8615537862062332,R&D,0.1834065857172239,Moyenne,0.011123728349306328
661,25,20,53214.5,3.3454637828244893,R&D,0.1636540117874616,Elevée,0.1284855227084377
662,58,11,62113.57,3.7574612424520075,RH,0.14537090751997872,Faible,0.15145402493698357
663,21,5,59389.06,2.025300771183901,R&D,0.004005307120252754,Moyenne,0.04767362243151383
664,30,10,66661.29,4.3610884244531904,Ventes,0.18032256816177794,Moyenne,0.1114741443568583
665,26,28,72782.33,3.217667383461213,Marketing,0.11451786214165471,Faible,0.0010836370759986225
666,26,36,57087.17,3.0095188907837493,R&D,0.02631327616998429,Faible,0.04000401903534628
667,58,12,77970.98,4.445883404247367,RH,0.1382797191936513,Elevée,0.007498270556080933
668,58,33,44056.78,1.7493682293053654,Marketing,0.054377889324233444,Elevée,0.26408496487294847
669,31,39,33337.84,1.0769617651787984,R&D,0.13834832265414038,Moyenne,0.018413790226040793
670,41,32,49217.69,4.082155368646355,Ventes,0.016085697134264665,Faible,0.1681701376593774
671,22,5,78204.65,1.8855686247251282,IT,0.19501072836840466,Elevée,0.17555980468739676
672,32,28,68196.67,1.4537294168489483,IT,0.013305461717394463,Faible,0.00132291024751483
673,49,22,39844.6,2.013335305171391,Marketing,0.17354225303016313,Faible,0.1836797094385583
674,29,34,78985.28,1.629685818252296,RH,0.0631784761497747,Moyenne,0.2543828982712851
675,28,36,65120.87,2.0602401193107633,R&D,0.05861912388167281,Elevée,0.17313472563693807
676,25,24,69961.8,1.3560406024808285,IT,0.07899621362261076,Moyenne,0.05568986190530345
677,21,5,32693.46,2.92506801950282,IT,0.15451189145110356,Faible,0.16519203383153058
678,35,9,66132.87,3.776589544014289,R&D,0.03995242498379468,Moyenne,0.2093349612639801
679,32,16,54181.32,4.625491947766057,R&D,0.08941649967270925,Moyenne,0.20523204564806394
680,32,37,69746.32,3.9816881997544935,RH,0.09776033627839914,Faible,0.18363544165777299
681,41,2,65802.89,1.4348742056607224,R&D,0.18150464164182553,Elevée,0.1147728888997835
682,38,31,38820.94,3.1406025334372423,IT,0.11096998141858772,Faible,0.03642433234029826
683,45,38,75936.0,1.3172885907416285,R&D,0.12773071616603035,Moyenne,0.021418415584574777
684,33,1,58885.32,3.29111506027259,Ventes,0.17881630696379947,Moyenne,0.18345185620327317
685,50,20,49286.31,3.1134011107766995,IT,0.06667085002578628,Elevée,0.10875768824344872
686,48,7,41385.32,1.0260698684429297,Marketing,0.014449545049937673,Faible,0.000617026959477962
687,41,30,69176.96,4.015253119902802,RH,0.15770230910897698,Moyenne,0.04482552236084923
688,26,4,78535.12,3.5657002176373256,IT,0.15174708482385119,Faible,0.2093918349878244
689,56,32,66776.02,2.815020222914627,R&D,0.06486102565543302,Elevée,0.22743572972352516
690,46,30,60493.18,4.675866834384482,RH,0.18959095735318793,Faible,0.1748446756250983
691,50,17,77516.81,2.810419104632177,RH,0.16673715173561365,Faible,0.18151032811839568
692,25,4,65578.58,2.844412535480792,Marketing,0.0005613903735916858,Moyenne,0.08212679130298409
693,35,27,52823.63,1.650785091516616,Ventes,0.021133805341443934,Faible,0.14656635922280328
694,57,7,46082.69,3.6596209217208755,Ventes,0.09290829682561189,Elevée,0.2813961230937796
695,57,38,39435.27,1.674050124323292,R&D,0.18205923564097232,Moyenne,0.11543620839148971
696,51,12,73684.04,2.2385502571758535,Ventes,0.03525106844674582,Elevée,0.18299252073389136
697,52,18,66144.46,3.796764832424129,RH,0.1337903597624755,Faible,0.10958657273348439
698,36,4,78903.95,2.2242316877911548,R&D,0.17360289291736947,Faible,0.13495409914733952
699,52,21,33760.17,3.4112861623487425,Ventes,0.185973629253367,Moyenne,0.23485519026762916
700,30,28,45736.2,4.906844398568609,R&D,0.1312126390891367,Faible,0.11760926209988065
701,32,29,50323.13,1.1724729802369676,RH,0.07056849806266226,Faible,0.1312466615653781
702,49,15,78127.12,2.576831562582532,RH,0.07276454946643454,Elevée,0.08613539992349999
703,20,5,59539.33,4.598939448653523,IT,0.1524496214765938,Faible,0.24667629571537336
704,49,17,64004.19,3.359472491900206,Ventes,0.17416745165754144,Moyenne,0.09092630199262236
705,46,36,43543.12,4.767100388233622,Ventes,0.19237387524050753,Moyenne,0.2192831276186804
706,59,39,42874.42,4.801860061342751,Marketing,0.15184816943877752,Elevée,0.2782748093976769
707,42,28,47138.59,4.309713016495394,Ventes,0.11175867422746244,Elevée,0.2305976069403879
708,39,39,34199.85,2.391677358567454,R&D,0.18261307818770775,Faible,0.260898591966762
709,25,24,76975.78,1.1068844772727848,R&D,0.1885576071378082,Faible,0.042521158925678405
710,56,21,50258.05,4.815223436089568,RH,0.09351980471494521,Elevée,0.12077043701928221
711,39,24,40025.08,1.8163223460985773,R&D,0.18967629947461162,Moyenne,0.00769052515161448
712,56,35,47190.7,1.970327087649978,Marketing,0.1206478885087849,Elevée,0.1567851540492082
713,25,33,39789.45,3.6636183589076636,RH,0.08180464428033368,Moyenne,0.29961761911472984
714,48,2,42791.96,3.808729901946673,RH,0.17656509621323424,Moyenne,0.16154797696574066
715,32,23,67879.8,4.836073455906863,RH,0.08393720806961376,Elevée,0.2585024723339212
716,46,22,41901.1,3.381066102345012,Ventes,0.07207051086524865,Moyenne,0.29694536543154276
717,39,5,64942.17,2.7613198223360365,R&D,0.1637433158920537,Moyenne,0.09942737311946205
718,32,25,59668.28,1.497525324893879,Ventes,0.1950138702987978,Faible,0.1284432067069267
719,58,23,37254.14,4.429641359101568,IT,0.1325835342440244,Faible,0.16403006949248658
720,27,18,68185.43,1.1770594215619727,RH,0.06474883936055363,Moyenne,0.21908206781899742
721,36,27,72643.62,4.4089164602520885,IT,0.16713166951404204,Faible,0.15293161000881966
722,49,9,77799.37,2.3452558422670697,Ventes,0.18277945518029104,Elevée,0.05542738882334559
723,20,5,77949.97,4.6321173656092025,R&D,0.029812777326813755,Faible,0.1506824974722455
724,43,34,65318.54,4.402491330030588,RH,0.06188443123011742,Moyenne,0.2163635240813432
725,35,23,44567.23,3.79569904360926,IT,0.12341693094694924,Faible,0.22592891526999434
726,30,19,31895.58,1.0853655332226868,IT,0.06651941795830828,Elevée,0.12567964570258694
727,23,5,49511.52,3.7666623946897344,RH,0.12361256436654884,Moyenne,0.18246103668322172
728,23,5,66656.33,3.247299774997638,Marketing,0.16544389277447769,Faible,0.29796521090944933
729,36,12,77031.93,2.0087330688790574,RH,0.027699174153614115,Moyenne,0.10156703306583685
730,29,31,35677.02,3.307479143446112,IT,0.12483773529846279,Faible,0.033251328617569964
731,40,8,57112.1,4.398175187047576,Ventes,0.1326754670557148,Moyenne,0.042333896330269426
732,57,31,53738.69,1.842606496905903,Ventes,0.1747602620255603,Faible,0.24232337049860966
733,37,22,32286.42,2.358593387339435,IT,0.14258149816226082,Elevée,0.19158060233540394
734,29,8,62533.87,1.3532432879956109,Ventes,0.1577989708684758,Elevée,0.10998283487507853
735,35,26,73628.98,4.113495815863528,Ventes,0.03310399874077224,Elevée,0.015865636650006697
736,58,20,53092.63,1.3973722885382664,Marketing,0.026493423218331504,Elevée,0.0293206957878951
737,34,26,56163.29,4.647961884379319,IT,0.18090127225276215,Elevée,0.17385746095229215
738,53,4,38889.49,3.0434222404427627,R&D,0.033101530939534184,Faible,0.17106840552009148
739,24,5,36055.92,2.0930091834861924,Marketing,0.0740719804498438,Faible,0.16768885511807388
740,36,20,60692.39,1.2801057902369162,IT,0.15803347661108677,Faible,0.204519955227522
741,56,38,65820.51,4.271163031330702,Ventes,0.012087780473219546,Faible,0.2560804306688833
742,27,34,44375.17,2.569154467617502,Ventes,0.10400476308003986,Elevée,0.16249869374699796
743,43,26,54972.53,4.539316651121117,R&D,0.10918065347784252,Elevée,0.14088988727199214
744,47,8,77902.97,3.882206301908207,Ventes,0.0008137521110056945,Moyenne,0.26656345550242044
745,27,38,31666.18,1.3366172481280278,R&D,0.07862912947956567,Moyenne,0.23671642316778113
746,42,21,41790.67,4.088499971204204,Ventes,0.18143392942273745,Moyenne,0.15265031504794094
747,54,35,35152.66,4.290520984728239,RH,0.08524874530415848,Elevée,0.023539920303628437
748,50,17,71099.62,1.4007404444321083,RH,0.18269594500330297,Faible,0.08774904511187609
749,36,34,79612.17,3.6809934923824223,Ventes,0.06314946080131127,Faible,0.25765136325864624
750,47,34,37986.45,1.883924137544927,R&D,0.10106651880972145,Moyenne,0.18545316651195992
751,31,2,67595.05,2.341406914454113,R&D,0.16860717955333493,Elevée,0.015649443575392486
752,43,10,44368.95,1.5616273870075341,Marketing,0.19629005889296303,Elevée,0.22495508231042494
753,34,24,46437.23,1.1751910564179648,RH,0.15183827050320656,Moyenne,0.140475734336761
754,59,5,76492.4,4.430025854509499,Marketing,0.06872896146339576,Moyenne,0.004110173578343046
755,50,25,65626.16,4.731529751906853,R&D,0.06278672524631093,Moyenne,0.19628978662810972
756,46,7,70603.73,3.8870903995610284,Ventes,0.011414798062944787,Faible,0.05578838318693625
757,54,34,52738.07,1.6575080441460428,RH,0.040584309468058445,Moyenne,0.02668756514203827
758,37,25,46363.13,1.0036516781634783,IT,0.1519461086839841,Faible,0.07899750466285024
759,55,11,36915.34,2.4538686065711595,Ventes,0.08296674374610172,Elevée,0.06903552624439169
760,27,30,61268.91,3.1812559768995254,R&D,0.03130809322543084,Faible,0.218901832856064
761,57,29,63991.75,2.6678538176955744,RH,0.0595169607105531,Moyenne,0.2544022744716535
762,24,5,76519.87,3.670236051326611,R&D,0.1177602486035702,Faible,0.16018089526427196
763,33,4,36257.7,2.113453572238581,R&D,0.1913166997414787,Elevée,0.10186993278213896
764,57,19,66853.02,2.159810570957035,IT,0.19188556382064947,Moyenne,0.22622917544765406
765,39,22,57327.0,1.0242421337793837,R&D,0.022807533667919724,Moyenne,0.22860760221075624
766,28,7,52866.51,3.5660691887431226,R&D,0.04725384105656343,Elevée,0.08373374527835942
767,52,21,67645.92,4.383935493846149,R&D,0.11978284285534786,Moyenne,0.011050848151644798
768,37,22,60363.78,4.664972178085156,IT,0.18241129451940644,Faible,0.25653172093020593
769,25,28,35137.72,3.3486260553860134,Marketing,0.19629862524826336,Faible,0.025829586205800847
770,56,27,50957.82,1.7666125388731237,R&D,0.14542426734970518,Elevée,0.13270747369451144
771,21,5,79783.51,2.641286024614363,R&D,0.08232762310427427,Moyenne,0.12926242037135457
772,49,1,68377.76,2.4307374022186377,Ventes,0.17455945652466034,Faible,0.11394141044588849
773,25,4,68129.02,1.229165918412733,RH,0.08386644274215252,Moyenne,0.1116903039836597
774,36,38,76110.31,1.056330757212693,RH,0.13336939585636218,Elevée,0.24262532511776813
775,58,8,66469.27,2.2421668767908556,RH,0.09792566432671082,Moyenne,0.016682057286582185
776,42,17,72399.23,3.837197951330706,RH,0.15589405433142656,Moyenne,0.2527745538418648
777,50,12,50054.17,3.6037460069760874,RH,0.14711708594157843,Elevée,0.26219460710530207
778,39,12,50007.23,4.061058335466949,Ventes,0.0781389055560186,Faible,0.22718183224889182
779,24,3,77851.59,4.500941692409388,IT,0.02016267781619918,Faible,0.1906436658597586
780,40,6,67874.68,4.795237045691543,RH,0.19035341604404044,Moyenne,0.21207163993543462
781,30,18,53565.77,4.192488095403053,Ventes,0.18372194314929965,Faible,0.20134453777502423
782,23,5,54479.83,1.1622724555672481,Ventes,0.03637550828899057,Faible,0.2092367783091684
783,42,6,30829.54,4.874394443491006,R&D,0.04066026817378981,Elevée,0.16968534043778707
784,57,15,41486.68,2.2589111952858185,RH,0.1575430012799134,Elevée,0.09909750416563913
785,49,18,53565.11,4.53518728533164,Ventes,0.15735290951451214,Elevée,0.29228801848416647
786,37,31,44689.94,1.537650124505336,Ventes,0.19309809955413662,Moyenne,0.17669839882311164
787,50,35,79090.8,3.6227772016399395,Ventes,0.1995200225140903,Elevée,0.08400286808014579
788,49,4,35776.11,2.285058934964815,Ventes,0.0996720943021867,Faible,0.1892949773731834
789,53,1,55277.9,4.17636136872854,Marketing,0.19207330289768068,Elevée,0.2193919683048063
790,50,30,30495.63,1.5141633366699585,Ventes,0.16319542428061257,Faible,0.2742765171092636
791,57,1,43625.92,3.031783382717948,IT,0.15127429385852373,Elevée,0.24346816019893833
792,44,18,41221.54,4.928235517323431,IT,0.07319053558171072,Moyenne,0.18518556536919714
793,36,30,60254.47,3.902498150234979,RH,0.17007712312033985,Faible,0.26431034319878466
794,55,28,74360.95,1.5083813908903698,RH,0.18382222810682228,Moyenne,0.19756958354944082
795,59,35,58322.17,3.632869115896224,RH,0.14680056166475505,Faible,0.042870232173783406
796,49,37,62205.13,3.6855867070536577,Ventes,0.12929742224767812,Elevée,0.09031545204443232
797,21,5,43996.17,4.303125341929826,RH,0.12807987973041282,Moyenne,0.04434453453229716
798,43,31,45443.32,2.186927231755265,RH,0.03113608115266893,Faible,0.03151969461637594
799,28,38,54950.26,1.587281300762808,IT,0.043982176192350945,Moyenne,0.18032455480391948
800,20,5,58427.98,4.386858101491436,RH,0.04578860560027425,Faible,0.057262099079475055
801,43,39,57316.45,2.4594292523671633,R&D,0.032535102001626286,Faible,0.2778763971058885
802,57,16,43002.32,2.7570998949314087,Ventes,0.09559991673193208,Moyenne,0.17571692281620296
803,46,2,37298.67,4.839308597510413,Ventes,0.013383944306070573,Faible,0.07617864933257297
804,45,16,48418.62,2.8339646487325965,Ventes,0.05748505017753203,Moyenne,0.16717472301339906
805,45,23,69205.97,1.3264555521790213,R&D,0.16148596626376352,Moyenne,0.21243616926907974
806,26,18,59806.65,3.6441119042314862,Marketing,0.1849683977366141,Moyenne,0.14052099862975784
807,44,23,39093.65,3.867115640107851,Marketing,0.1730835628229055,Moyenne,0.27154608861856105
808,35,14,41660.89,2.8691176252586366,IT,0.06343374590895455,Elevée,0.17123486795443338
809,57,3,75209.61,3.8120606106147723,Marketing,0.1058606367376057,Moyenne,0.16908673161689067
810,37,12,49809.39,2.5843408349566768,R&D,0.18673662398209953,Moyenne,0.06309747342681597
811,36,10,72685.04,4.602587484956842,IT,0.11333590437047247,Faible,0.026211960318950144
812,25,5,78873.55,4.082386329650134,Ventes,0.051045887319677546,Moyenne,0.23013341644399024
813,39,11,47893.36,2.117239474530411,RH,0.13691961389903648,Faible,0.15789418775607394
814,42,7,30645.88,2.8886068015585287,Ventes,0.12661117043112177,Moyenne,0.1279505690570772
815,31,9,66389.44,3.8887989306089703,RH,0.01633464599939698,Elevée,0.23447992424804584
816,31,9,54271.91,3.1366990000734103,RH,0.15403295105996806,Faible,0.12043444929253372
817,53,9,74371.09,3.0797591729057645,Ventes,0.01803728512297893,Faible,0.17632084369001913
818,27,38,38461.45,4.37015421501121,R&D,0.1257115547196694,Elevée,0.03412845940607164
819,46,19,42162.38,3.6108125275012397,Ventes,0.13810134929296722,Moyenne,0.29598228034778773
820,27,3,53582.09,4.761884272709089,R&D,0.11864103949747168,Elevée,0.04930908912668599
821,52,6,36788.79,2.086344608821814,Marketing,0.07465506433382296,Elevée,0.05071758851599156
822,56,30,48016.7,1.3989310521001541,Marketing,0.12114962864366868,Elevée,0.1321271402099857
823,38,38,30778.19,1.7439323009104877,Ventes,0.11051820681930931,Faible,0.07757951609267773
824,43,37,70089.02,1.7593107744011536,R&D,0.11904042086979814,Elevée,0.18887463637950866
825,41,30,35035.2,3.2167950279452913,Ventes,0.1619501530501118,Faible,0.0038877082216625335
826,22,5,59792.9,3.047682435124823,R&D,0.1651942059436811,Moyenne,0.1587512226879398
827,28,18,43111.57,3.376078912957458,R&D,0.15134895963135164,Moyenne,0.2444896290968388
828,30,12,31500.75,1.804226114584603,Ventes,0.09645931386402617,Moyenne,0.284907592246556
829,25,9,35484.76,1.9571335288805147,R&D,0.07101834596688006,Faible,0.2219685400910366
830,58,25,64960.76,1.2278250868508165,R&D,0.17565641322666958,Elevée,0.056171361673268846
831,58,4,74553.12,1.101286151663214,IT,0.17535246982136546,Faible,0.20065950465644336
832,56,12,32733.89,2.4218038490758227,IT,0.16272835025250487,Moyenne,0.2036593995911272
833,21,5,44071.83,3.985258189281651,RH,0.17687136214785465,Elevée,0.14743301419641924
834,56,4,49921.59,3.800445697863063,R&D,0.07905193854146626,Faible,0.22896439920236258
835,25,37,78934.13,3.661243076821157,RH,0.10689078234037286,Elevée,0.23200125127005378
836,25,22,52133.4,1.0858816260754356,Marketing,0.11397815646028009,Elevée,0.21153610123654623
837,58,30,71243.04,4.7940808572073115,R&D,0.1435851344897234,Elevée,0.07716289474025649
838,55,4,44055.99,2.3615898652097917,Marketing,0.15643099432008245,Faible,0.2779445729946356
839,44,12,53408.49,2.7364298909119014,IT,0.11243839750764467,Elevée,0.013834228001428939
840,35,16,71293.08,4.205013065188767,Marketing,0.18054619160861365,Moyenne,0.2913106114972769
841,40,27,68434.6,1.366118382559252,Marketing,0.044929186362641184,Faible,0.1595386459025717
842,29,16,41928.3,1.7074103458689702,Ventes,0.08173564888047971,Faible,0.19581407876722245
843,24,5,42635.87,2.3024478112415756,R&D,0.011458422532028112,Moyenne,0.24951138877771847
844,44,12,57423.65,4.373543461708365,R&D,0.1963817848751559,Moyenne,0.04876451776242106
845,50,6,76900.75,3.7431290914423396,RH,0.16026499009016626,Faible,0.2689630474051835
846,22,5,35996.4,2.433577588886937,Marketing,0.024705949095992597,Elevée,0.0028430470375483295
847,39,5,68603.1,4.733463179478495,IT,0.06678742919071153,Moyenne,0.2789320997985168
848,23,5,66880.03,4.134805406993557,IT,0.10686334994953886,Moyenne,0.12342219554315748
849,33,38,72538.78,1.0417894179515717,Marketing,0.059318916229704116,Moyenne,0.29863007900943395
850,31,30,74460.02,2.801161864873905,Ventes,0.023580537045637586,Elevée,0.06923273067849549
851,33,28,74171.27,2.700278722455432,Marketing,0.11974406785682966,Elevée,0.1997948502032122
852,56,28,75045.79,1.9423997204206063,Marketing,0.04472718004718182,Faible,0.2547540630811478
853,37,30,79035.24,2.1270138522432624,IT,0.12658255463187715,Elevée,0.006709369903545114
854,46,9,46621.48,3.73138744496696,Marketing,0.13817287106127144,Faible,0.007207722699891816
855,26,12,76450.57,1.9617940839262107,RH,0.1628221872016678,Faible,0.009938198861887515
856,54,34,77378.02,3.961322197339909,IT,0.08931665408461849,Moyenne,0.0017894685621161698
857,41,15,62409.11,2.8776280250249293,IT,0.13966117420439736,Faible,0.06406292382645458
858,40,39,63229.54,1.3186135727430321,Ventes,0.007030413258753843,Faible,0.2412885623744561
859,37,12,47927.93,2.6261328227941734,Marketing,0.1261893625055712,Moyenne,0.06612417174535874
860,57,11,67265.2,4.166062960667568,IT,0.0869104117365583,Faible,0.10658389321355585
861,45,26,60128.05,1.5170304776063843,Marketing,0.16181425382598363,Faible,0.013972420779890938
862,41,33,69315.95,3.010742359036454,R&D,0.19757791591485674,Elevée,0.09184886309037096
863,56,7,37675.68,1.7452744610809519,Ventes,0.05848616572812868,Faible,0.023943717929702266
864,24,5,70729.63,4.705434995827705,IT,0.17888874324054074,Elevée,0.08540183136267403
865,54,23,66169.08,3.194013357910798,RH,0.021198081155583637,Faible,0.1725825239226556
866,31,12,57297.27,1.6610616694241291,Ventes,0.09047666319474884,Moyenne,0.07883306932824154
867,54,36,42985.83,3.2361922916008456,Marketing,0.1390564778596179,Faible,0.18761747176907553
868,53,21,34883.71,4.8343653382291905,Ventes,0.17262250147365168,Moyenne,0.1959971272599414
869,39,5,54241.67,4.319064179098243,R&D,0.044242569384202596,Elevée,0.17323250886711053
870,31,5,37231.08,2.3604273176338406,Ventes,0.09852668799588045,Elevée,0.13417204022060433
871,53,30,68088.66,3.97441849895162,IT,0.19518163796767538,Elevée,0.07868023551618511
872,45,28,76227.95,3.745790496572221,R&D,0.14745491699309374,Moyenne,0.04412558986069955
873,53,20,71016.07,3.9930634917983365,Marketing,0.07880139139313287,Moyenne,0.13828012800074416
874,51,27,46522.95,2.933938839860238,R&D,0.09950958497103538,Moyenne,0.1845596634075825
875,26,27,37300.22,4.676071045617865,RH,0.18393028664303002,Faible,0.03440565464882589
876,45,10,30395.66,2.4902890857754616,Ventes,0.09735778044098141,Faible,0.06450248631692847
877,44,32,63182.91,4.8501603830430895,Marketing,0.011617258058775027,Elevée,0.05373043822513799
878,58,31,39380.6,1.4897063829334711,IT,0.04093945237756809,Elevée,0.06909203014666616
879,36,18,65827.72,4.7299407370347275,RH,0.0007504382391348319,Faible,0.034978428619245626
880,43,8,58771.64,4.049184187007804,Ventes,0.09604514970439362,Faible,0.12627301034819743
881,46,36,53500.87,4.820812060391591,IT,0.19468108782296023,Faible,0.09621378604005722
882,23,5,68376.96,3.2145341185860055,RH,0.1604943471841982,Elevée,0.1826964983787634
883,46,29,79053.31,4.746732122806019,Ventes,0.008257830776370923,Faible,0.2711376720417872
884,49,8,36429.71,1.6784408367768484,IT,0.18617308494691048,Faible,0.17947169967329998
885,22,4,57525.93,1.1195890682563383,Marketing,0.022263274685834444,Elevée,0.05430483482087021
886,25,8,45661.14,3.80266219968079,Ventes,0.00459945178141239,Faible,0.033415498686524825
887,27,9,31397.77,4.453964568488352,IT,0.04231928290625253,Faible,0.19636038866850616
888,35,38,31467.31,4.587563747684721,RH,0.10003224685015549,Moyenne,0.24594702671117719
889,34,6,58881.1,1.2458859911127576,Marketing,0.0155520413328216,Faible,0.09664151484390869
890,55,34,34145.77,2.4129298456641077,RH,0.156271109229971,Faible,0.15313261624584085
891,59,29,32196.41,2.777218670063671,Marketing,0.0034962962056780847,Elevée,0.23597465206404583
892,27,39,38643.93,4.704896657935828,IT,0.043630636983432815,Faible,0.005067297224638855
893,58,9,52993.23,2.1717533806720666,Ventes,0.11968030265630147,Elevée,0.20897904364318673
894,49,2,55038.38,3.753502871138533,IT,0.08211491732864701,Moyenne,0.1526792013506066
895,31,3,75763.33,1.87955664937863,RH,0.09208310507429439,Moyenne,0.2179237877079061
896,23,5,50983.46,3.4509070795201,R&D,0.13399733680685263,Faible,0.26171125671153783
897,33,3,35388.94,1.4524934820353548,IT,0.0719268408486815,Elevée,0.14837284838563766
898,44,12,41545.8,4.018186638694155,Marketing,0.0481311633657259,Moyenne,0.25676330734392355
899,24,5,77270.43,1.1781977186177381,RH,0.18364475282929985,Elevée,0.0038090816482601597
900,42,11,59757.6,4.993372749617421,IT,0.06903761821836545,Moyenne,0.189024335286824
901,49,21,47767.13,4.2056202054943785,RH,0.09560418767046855,Elevée,0.29607276145691047
902,58,37,74635.58,3.45078661202117,Marketing,0.16399177713839183,Elevée,0.088094504262079
903,31,15,45028.71,4.0740016945159025,Marketing,0.12656033183914037,Elevée,0.21694768376277104
904,34,8,74054.74,1.0121059908401633,Marketing,0.12408508999022685,Moyenne,0.06733230070269647
905,38,30,36056.69,2.713580464902303,Ventes,0.1277635402415368,Elevée,0.29191972101703645
906,45,6,76911.47,3.374488593261978,IT,0.16207445647765834,Moyenne,0.13323059563108883
907,23,5,76884.32,4.904805528533496,Ventes,0.10517190389919816,Moyenne,0.2030674746512501
908,57,16,47263.49,2.4634539026818603,Marketing,0.015170890461124721,Elevée,0.15217479398921188
909,27,33,30877.44,4.881964004030941,R&D,0.13310260766987944,Moyenne,0.024231882224155198
910,49,24,47652.07,3.062197070362684,IT,0.0329990722597034,Elevée,0.23909616893050936
911,34,28,39040.55,1.2775265437801555,IT,0.16574136723337615,Moyenne,0.07274384080313431
912,31,7,43303.36,3.466003854063663,RH,0.03130852547487748,Moyenne,0.08374517837522026
913,29,10,61284.14,4.288333668608778,Ventes,0.19128965759964173,Elevée,0.009129799466045184
914,31,2,52154.91,4.548537998538995,R&D,0.14207035001329274,Elevée,0.16653441333838534
915,36,12,66815.63,3.1153418733545064,Ventes,0.05267721709030953,Elevée,0.16127709422755002
916,59,24,61851.85,2.779265751189229,Ventes,0.041491864422217084,Faible,0.05522122398300426
917,21,5,45027.86,3.5523676547276346,Marketing,0.17565134740375699,Moyenne,0.21718513306080087
918,38,37,46193.83,1.2496364187170328,IT,0.04611962486246886,Elevée,0.01395061216798823
919,48,13,69907.32,4.766917652300214,Ventes,0.0823722509325541,Faible,0.23529460982395045
920,20,5,56608.15,1.9596334922979115,R&D,0.0920636622433781,Elevée,0.2981153275542991
921,41,6,36369.03,3.5094943191520507,IT,0.02487357894558675,Elevée,0.04802788527928883
922,44,13,59336.16,3.4141782817893476,IT,0.1470923828641418,Faible,0.09441952830909468
923,29,19,36898.95,3.8867780145741584,Ventes,0.02153428756740501,Faible,0.08772005985806706
924,28,1,73435.41,4.414127436978875,Ventes,0.17086976405640736,Faible,0.16373777943813866
925,38,2,36463.51,2.0107420090499675,R&D,0.10635267959216713,Moyenne,0.03002257265726118
926,31,21,63470.41,1.8276952551168089,R&D,0.12333701014445064,Moyenne,0.15031343968622438
927,48,14,74840.52,3.9849257077103566,IT,0.165771541494131,Elevée,0.26918484678100824
928,37,27,34906.18,1.7459547941823708,RH,0.06725099781258524,Faible,0.13398479413980263
929,35,22,56511.61,4.824171240209477,IT,0.19302886042059236,Elevée,0.202660028926815
930,23,5,77904.54,1.7890239783793116,RH,0.12236036754947349,Elevée,0.24896181657199112
931,44,14,43897.14,3.105878314763209,R&D,0.024848571120780805,Elevée,0.20009943097341062
932,41,4,44053.4,3.6250882317471507,Marketing,0.05755419836502156,Faible,0.09329733051105828
933,48,18,53502.62,1.6826882696122993,Ventes,0.09925219061603448,Faible,0.09803584709119455
934,41,6,77385.16,2.5437711989269016,Ventes,0.13694909350047665,Faible,0.19874954396496874
935,34,27,70050.68,4.116305014680975,Ventes,0.04043224192825221,Moyenne,0.05032558776273464
936,21,5,43559.28,2.200621518961136,RH,0.08539282755189613,Moyenne,0.013070120567287546
937,32,14,41579.27,2.3767925072285965,RH,0.021535934144424874,Faible,0.007496383030340592
938,31,18,39930.84,1.8164849977388982,IT,0.0361087713003671,Faible,0.10932735924181972
939,45,23,51486.27,4.034196450079971,R&D,0.15162344606473094,Faible,0.2276580652016107
940,59,32,70395.28,1.9579167790042962,Marketing,0.12187245590131437,Moyenne,0.21867578145838476
941,31,26,37615.11,2.0833607347242356,RH,0.09044859823679799,Moyenne,0.13388502166278402
942,46,29,60852.98,2.963518594444483,IT,0.0014270005917024432,Elevée,0.0855011153444671
943,54,14,53614.52,1.767162862026948,IT,0.013225812387933855,Faible,0.015276291830040955
944,21,5,62316.04,1.918499415887803,R&D,0.15271344142600313,Faible,0.004289685537128951
945,36,27,50174.26,4.704913343562018,IT,0.018767641739472075,Moyenne,0.0036357764060382936
946,21,5,67991.11,4.2083251483596165,Marketing,0.15420834021979457,Moyenne,0.1709132028013048
947,36,5,46050.38,2.074446959245719,R&D,0.1448336595775497,Elevée,0.27022654027095433
948,53,31,66108.37,3.7964367211144086,Ventes,0.10274678639752202,Faible,0.2565192874823529
949,53,29,77982.92,2.4570148319082916,Marketing,0.07177636914801953,Moyenne,0.052956003208765354
950,58,9,58962.09,2.700102485052156,Ventes,0.18004632164218648,Faible,0.10236732487472489
951,28,28,61728.03,3.8234375932049662,Marketing,0.03531659808272743,Moyenne,0.07147989795061628
952,33,7,56240.06,4.221830834375394,Ventes,0.1710057233551351,Elevée,0.11838397750324081
953,39,8,54297.52,2.054211782307143,IT,0.15269514133469056,Faible,0.10820866974619194
954,52,27,38427.34,1.6950103095662836,RH,0.1335469862889613,Elevée,0.14225707366867513
955,43,12,64377.45,2.7595961926737727,RH,0.1884740661794377,Moyenne,0.2945764132611823
956,24,5,60308.59,2.0063972217265995,Marketing,0.1992254628246104,Faible,0.23611536885283152
957,51,30,57644.29,4.215381447517808,Ventes,0.15784699260613821,Moyenne,0.27503890187321445
958,42,21,45321.35,1.6756515143822144,Marketing,0.04575308883775482,Moyenne,0.001715594930002573
959,20,5,49724.57,2.3071023037798204,IT,0.1369927420483074,Moyenne,0.15555702837130472
960,57,29,51659.69,1.7727985475247237,RH,0.08007673253489372,Elevée,0.2595816314281375
961,51,24,62874.25,1.132576980551244,Ventes,0.024470660447221085,Faible,0.21453600481848414
962,35,10,66294.68,3.3358374632886676,Ventes,0.16975700171057478,Moyenne,0.09086773224833712
963,39,1,45647.67,4.120135198253023,IT,0.06694726753397665,Moyenne,0.20667883176285776
964,35,39,60736.82,4.270912995826235,RH,0.19289039512768447,Elevée,0.16717884390228008
965,32,20,48518.71,3.7538794946748673,Ventes,0.16222328827766525,Faible,0.21292215411162882
966,30,8,54260.58,4.051211158195926,RH,0.16001063159151271,Moyenne,0.1425392938010566
967,36,39,34095.88,2.7742609016958326,R&D,0.16538391541211245,Moyenne,0.2874143201735725
968,26,4,58933.88,1.457220194135623,Marketing,0.08162609426702139,Faible,0.2980812410789169
969,41,31,74822.11,2.0882555130969274,IT,0.016441710903762962,Faible,0.29456598978185694
970,50,38,77670.27,3.242943290028519,Ventes,0.19900976041610097,Elevée,0.15340155983155676
971,23,5,46731.76,4.71952249233677,R&D,0.19283013164194185,Moyenne,0.24836667815166547
972,36,17,38506.31,3.7198489495449922,Ventes,0.09354020632024865,Elevée,0.28255036731762334
973,20,5,78832.03,1.7391902897969689,R&D,0.16569767096325294,Elevée,0.2634027087347452
974,21,5,69835.25,2.858179623723041,R&D,0.09547239699730468,Faible,0.16042912942463364
975,52,7,44658.82,4.349603437843287,RH,0.1852292132503743,Elevée,0.2986987765474384
976,38,26,30224.5,1.3870816700251907,IT,0.08001207117102177,Moyenne,0.08678857883381766
977,38,12,43210.21,1.3166385932271356,Ventes,0.17573076991404316,Moyenne,0.2889213554718907
978,42,18,77747.26,4.749951144974871,Marketing,0.0025896406831852127,Moyenne,0.0925053650680754
979,35,32,53713.34,4.493715014915129,IT,0.0682604096920888,Faible,0.17271152019271108
980,35,32,44715.7,2.714579410854015,Marketing,0.12329299786083905,Faible,0.020683082316450562
981,48,21,47119.64,3.89616954203504,Ventes,0.17096902343491643,Moyenne,0.26367902652775976
982,27,27,41459.84,4.137410365679932,Ventes,0.017736942749170103,Moyenne,0.18060856949133194
983,47,11,58265.22,2.3214344471788873,Marketing,0.014933921800950767,Faible,0.11939194991686201
984,44,39,40858.35,2.744938272739086,Ventes,0.1575745207268756,Moyenne,0.01924069057108656
985,44,5,64794.58,4.442650088901756,R&D,0.11322215499367692,Moyenne,0.2188152568253795
986,32,16,53638.16,1.0534765451987944,R&D,0.02638479343473741,Elevée,0.12962261202221562
987,33,14,37950.49,2.3532319612547354,Ventes,0.09547619957521658,Faible,0.23402740387727755
988,38,36,79420.32,4.8828441401066485,RH,0.04092664341688144,Faible,0.2336146195559351
989,34,39,49886.49,2.8328797106147006,Ventes,0.15027835227667932,Moyenne,0.25533797028758476
990,34,12,49471.98,2.621675137942221,Ventes,0.16312140019304044,Elevée,0.13338496697155197
991,40,12,52142.67,1.1301808767729136,Marketing,0.08812475868464564,Faible,0.024262748746850492
992,27,37,40878.55,3.9153961800526402,R&D,0.1935710669883902,Faible,0.1811246136476989
993,47,19,78141.37,4.7643416274578705,RH,0.1270788689672388,Faible,0.20784195011553783
994,35,12,51224.95,3.7909659161538745,R&D,0.0519311943865211,Elevée,0.1257003925685415
995,43,35,59308.17,3.6295760032877764,RH,0.013186019104284852,Elevée,0.25663840410843136
996,31,17,46961.04,4.728175379341245,IT,0.13946285677984807,Elevée,0.26942574582185536
997,33,29,54027.88,1.6161358291996275,IT,0.11800032927469327,Faible,0.27782202757068714
998,49,10,75204.52,1.4161715402645307,RH,0.06863264904132156,Faible,0.2589389441262731
999,51,38,38380.68,3.74243807844349,Ventes,0.14770079421036408,Elevée,0.2561535184472915
1000,38,9,69670.08,1.2945865695860874,R&D,0.007747115815882832,Elevée,0.21920656348127984
